UID,iso2,iso3,code3,FIPS,Admin2,Province_State,Country_Region,Lat,Long_,Combined_Key,Population,2020-12-14,2020-12-15,2020-12-16,2020-12-17,2020-12-18,2020-12-19,2020-12-20,2020-12-21,2020-12-22,2020-12-23,2020-12-24,2020-12-25,2020-12-26,2020-12-27,2020-12-28,2020-12-29,2020-12-30,2020-12-31,2021-01-01,2021-01-02,2021-01-03,2021-01-04,2021-01-05,2021-01-06,2021-01-07,2021-01-08,2021-01-09,2021-01-10,2021-01-11,2021-01-12,2021-01-13,2021-01-14,2021-01-15,2021-01-16,2021-01-17,2021-01-18,2021-01-19,2021-01-20,2021-01-21,2021-01-22,2021-01-23,2021-01-24,2021-01-25,2021-01-26,2021-01-27,2021-01-28,2021-01-29,2021-01-30,2021-01-31,2021-02-01,2021-02-02,2021-02-03,2021-02-04,2021-02-05,2021-02-06,2021-02-07,2021-02-08,2021-02-09,2021-02-10,2021-02-11,2021-02-12,2021-02-13,2021-02-14,2021-02-15,2021-02-16,2021-02-17,2021-02-18,2021-02-19,2021-02-20,2021-02-21,2021-02-22,2021-02-23,2021-02-24,2021-02-25,2021-02-26,2021-02-27,2021-02-28,2021-03-01,2021-03-02,2021-03-03,2021-03-04,2021-03-05,2021-03-06,2021-03-07,2021-03-08,2021-03-09,2021-03-10,2021-03-11,2021-03-12,2021-03-13,2021-03-14,2021-03-15,2021-03-16,2021-03-17,2021-03-18,2021-03-19,2021-03-20,2021-03-21,2021-03-22,2021-03-23,2021-03-24,2021-03-25,2021-03-26,2021-03-27,2021-03-28,2021-03-29,2021-03-30,2021-03-31,2021-04-01,2021-04-02,2021-04-03,2021-04-04,2021-04-05,2021-04-06,2021-04-07,2021-04-08,2021-04-09,2021-04-10,2021-04-11,2021-04-12,2021-04-13,2021-04-14,2021-04-15,2021-04-16,2021-04-17,2021-04-18,2021-04-19,2021-04-20,2021-04-21,2021-04-22,2021-04-23,2021-04-24,2021-04-25,2021-04-26,2021-04-27,2021-04-28,2021-04-29,2021-04-30,2021-05-01,2021-05-02,2021-05-03,2021-05-04,2021-05-05,2021-05-06,2021-05-07,2021-05-08,2021-05-09,2021-05-10,2021-05-11,2021-05-12,2021-05-13
84000001,US,USA,840,1,,Alabama,US,32.3182,-86.9023,"Alabama, US",4903185,,,,,5181,5181,5181,5181,5181,5181,5181,5181,5181,5181,20354,20354,20354,20354,20354,42810,42810,42810,42810,42810,42810,42810,42810,42810,87138,87138,87138,87138,130394,130394,130394,148685,148685,158116,184618,202643,249356,249356,249356,287002,298017,314241,339756,361376,361376,361376,403509,420235,440579,459674,483290,483290,483290,556337,556337,582273,612035,641924,641924,641924,641924,714446,728955,752524,784913,784913,788613,837784,862108,886708,911884,946091,946091,946091,1000613,1025379,1053756,1084676,1117838,1117838,1168845,1168845,1191825,1220697,1252319,1285839,1298612,1298612,1334180,1358576,1363987,1390066,1426696,1460782,1472666,1479271,1509445,1542416,1579091,1611404,1645858,1659102,1666585,1697641,1728736,1771979,1813462,1847243,1858833,1864857,1896920,1938701,2021334,2065327,2082605,2092489,2127317,2168891,2207392,2245574,2280686,2292276,2297563,2327764,2360527,2394304,2429629,2461510,2471409,2478227,2499694,2527815,2559938,2591163,2617405,2622717,2627322,2627322,2670926,2673181,2726356,2758021,2768204,2773615,2773902,2791631,2831853
84000002,US,USA,840,2,,Alaska,US,61.3707,-152.4044,"Alaska, US",731545,,,,,4270,4270,5674,7118,8918,11002,11002,11845,11845,12202,12202,11127,13772,13772,13772,18266,18266,18266,18266,20775,20775,25058,25058,25058,35005,35005,43348,49791,54946,54946,54946,67085,67085,69047,72662,81836,88331,88331,88331,98137,101585,105846,110400,115273,115273,115273,123448,125770,129940,134006,139151,139151,146082,152871,156252,162271,167432,175135,175138,183831,183831,193614,199148,206682,217541,227403,235141,239927,239927,243650,249559,254334,259538,264741,268406,269941,273350,276891,281467,288625,298144,298144,302687,307769,313365,318526,333357,333357,337141,339647,345987,351093,357997,362698,372435,375590,376555,380273,386510,392504,395650,401502,403284,408717,413024,417426,422134,422134,428556,435947,440363,447578,469295,469295,469295,485328,496015,499742,521123,525000,525000,525000,533669,539905,548385,550895,554133,554133,554133,558651,560217,566722,569114,572281,572281,572281,583933,583933,621496,623575,625950,625950,625950,575340,576572,596118,597901
84000004,US,USA,840,4,,Arizona,US,33.7298,-111.4312,"Arizona, US",7278717,,,,,,,,,,,,,,,,,,,,,,,101030,101030,113993,126090,139068,148292,151844,165531,188740,217716,232125,263625,270718,281270,281270,297385,319984,347013,380764,412320,438419,458461,486338,518125,554760,592288,629845,659728,671513,702664,736845,766330,822821,861886,861886,920166,920166,1045644,1096126,1096126,1191338,1217126,1217126,1291053,1339829,1387118,1429147,1463509,1480973,1525794,1552911,1603558,1607544,1671294,1728239,1792447,1849259,1889742,1930999,1979929,2038623,2079951,2215219,2215219,2245854,2293559,2350374,2418267,2557630,2589268,2605621,2655283,2697523,2755436,2804864,2885293,2936274,2967869,3007386,3048082,3113264,3181677,3245254,3308671,3363062,3399399,3451567,3521132,3581448,3663281,3720230,3822451,3864889,3922851,3975606,4054007,4125010,4168939,4203995,4250790,4306602,4366496,4440592,4505745,4550226,4581441,4631928,4688598,4750108,4815132,4872521,4912269,4940974,4980955,5024348,5070403,5123812,5162655,5176775,5176775,5216530,5259733,5301083,5337459,5372605,5411726,5450531,5471165,5497137
84000005,US,USA,840,5,,Arkansas,US,34.9697,-92.3731,"Arkansas, US",3017804,,,,,4000,4000,4000,4000,4000,4000,4000,4000,4000,4000,4000,4000,4000,4000,4000,4000,4000,4000,4000,4000,58914,68465,77594,81277,84570,93333,106826,116772,124156,131390,137307,140559,140559,154235,171515,186105,200813,212072,218951,221602,234120,251096,267682,284928,299938,307558,310513,318408,334023,347806,370262,388924,397119,401664,413116,425873,442134,452208,467237,474603,478048,483438,489639,493776,517271,520904,528467,540192,534479,553004,578519,597990,622665,649311,661572,670815,687433,704368,723756,744139,773357,782750,782750,799184,800091,836608,882630,882630,892588,897059,912660,929862,952919,974973,999488,1008575,1012415,1032499,1056307,1086176,1114449,1143893,1153739,1159108,1183295,1209965,1244076,1305535,1306811,1316063,1325141,1351223,1405741,1440169,1469291,1478774,1484206,1508295,1535135,1561736,1585770,1611803,1618371,1624969,1645403,1667028,1688238,1707412,1724751,1734405,1737538,1753393,1772085,1787295,1803795,1824158,1829914,1829914,1845530,1860521,1872359,1885668,1900002,1905274,1909885,1919251,1928682
84000006,US,USA,840,6,,California,US,36.1162,-119.6816,"California, US",39512223,,,,,,,,,,,,,,,,,,,,,436154,454306,459564,488515,586379,652128,734405,734405,783476,816673,889042,971829,971829,1188703,1303518,1303518,1303518,1393224,1393224,1393224,1393224,1393224,1393224,1393224,2587736,2730262,2893493,3078250,3266914,3434295,3523111,3649440,3792797,3984752,4199626,4650637,4650637,4746539,4914613,5089483,5291493,5511429,5768684,5981552,6153109,6262781,6435184,6699137,6964603,7201713,7453468,7728120,7728120,7876011,8064121,8310945,8566470,8821044,9106077,9497125,9731169,9860209,10071476,10415023,10805474,10925581,10925581,11062505,11220508,11428034,11883375,11883375,12306608,12686451,13161027,13563094,13882984,14276125,14708175,15050673,15349039,15691888,16062266,16527440,16944916,17335016,17703550,17922091,18223412,18604164,18985902,19449615,19962420,20309146,20485651,20865892,22030904,22501294,22777893,23031055,23243392,23760123,24242205,25047682,25569748,26092008,26435308,26689222,27013516,27384986,27727113,28302062,28798648,29151065,29372925,29640092,29957450,30223491,30820835,31185031,31382140,31382140,31670889,31997303,32367810,32759885,33109680,33438134,33632769,33817290,34085597
84000008,US,USA,840,8,,Colorado,US,39.0598,-105.3111,"Colorado, US",5758736,,,,,,12123,22539,33934,38666,43749,55778,63170,63233,65282,65282,73867,82342,94297,104086,105842,111679,113700,113700,127425,144160,170332,200877,217250,223488,238766,253422,270800,287714,308441,323037,328533,328533,338584,352984,375195,403896,431898,445251,455081,471528,492188,519551,542764,565489,586025,597571,613294,635017,657725,691937,725811,747855,753424,782831,810790,840224,881104,922027,970215,995662,1019072,1046994,1083308,1132448,1167895,1202161,1233466,1233466,1268302,1294236,1323183,1341927,1382449,1412910,1428854,1462053,1494910,1535529,1580969,1640993,1667075,1717634,1759617,1803495,1857218,1950480,1950480,1963387,1983746,2026340,2066482,2122524,2188145,2250372,2276660,2310425,2344091,2388899,2443350,2500874,2569087,2602792,2645306,2691248,2746030,2803981,2878136,2954206,2979697,3017904,3079255,3184749,3266193,3336248,3407618,3464019,3527781,3583563,3646570,3714665,3790514,3846376,3890828,3942162,4003990,4068389,4072289,4210710,4241020,4278837,4323941,4388497,4442828,4506339,4549102,4571001,4571001,4649806,4711738,4768105,4818646,4880920,4923667,4959078,4984769,5015042
84000009,US,USA,840,9,,Connecticut,US,41.5978,-72.7554,"Connecticut, US",3565287,,,,1982,1982,1982,1982,7761,7761,7761,7761,7761,7761,7761,36276,36276,36276,54727,54727,54727,54727,54727,75180,75180,75180,101734,101734,101734,101734,141055,141055,171035,171035,171035,171035,171035,171035,229524,243140,264707,287440,306796,321737,331264,342643,360991,381160,403370,421191,436842,449253,456090,465008,481826,502347,519400,533941,542414,554322,574750,600249,626678,654766,674704,674704,711142,738191,767183,822615,847820,860534,892882,892882,912033,925946,954153,980211,1004467,1031305,1040154,1061375,1087313,1121517,1157114,1228865,1228865,1245687,1272581,1304302,1345350,1411532,1411532,1442439,1460334,1483587,1514945,1551481,1586484,1623090,1658338,1676905,1701298,1737160,1774045,1813854,1854289,1891603,1924605,1954259,1992899,2035542,2092230,2138503,2178710,2186180,2227005,2384592,2391842,2451693,2498626,2531669,2572005,2612551,2671509,2720972,2770457,2808703,2834601,2870146,2913574,2957181,3006976,3056088,3094177,3112117,3147007,3184543,3220725,3264326,3300234,3321709,3321709,3361098,3398443,3437201,3475019,3512139,3544069,3566107,3587180,3612792
84000010,US,USA,840,10,,Delaware,US,39.3185,-75.5071,"Delaware, US",973764,,92,105,455,1980,3072,3090,4404,5202,6991,7420,7420,7852,7858,8834,10343,11960,13691,13701,14265,14265,14265,15460,17064,18732,21814,23851,26567,26567,28316,30992,33883,36634,38650,41309,43063,43063,46141,49873,54760,54760,64690,67475,68995,77924,82699,87511,92552,100678,103258,103791,107597,110707,113592,117662,125756,125756,126650,127523,130116,133370,136591,142103,149830,151739,154483,159533,164518,175305,180600,180940,186619,186619,189836,196089,204389,212739,219312,225374,228097,237669,246194,255036,264601,280674,285101,285101,286933,299695,307982,319587,319587,333896,338429,346179,354571,362023,372165,382342,389157,389157,397204,406635,417566,428136,438768,447568,453447,463476,473912,485988,498720,508590,516432,519065,528053,549853,561531,576112,582422,587884,599682,612195,625694,637222,648557,657111,662401,672471,682998,694722,704986,717216,723678,729085,739528,748392,759503,771295,781165,783813,783813,793383,793463,810270,817708,825352,831440,837312,841297,846379
84000011,US,USA,840,11,,District of Columbia,US,38.8974,-77.0268,"District of Columbia, US",705749,,,,,,,,,,,,,,,,,,,,,,,16989,16989,16989,16989,16989,16989,26672,26672,26672,26672,26672,26672,26672,41053,41053,41053,41053,41053,41053,41053,51421,51421,51421,51421,51421,51421,51421,62219,62219,83553,85065,94095,98862,102031,105819,108475,108475,108475,111720,114110,116261,121313,121313,126500,128460,130437,157111,159640,162674,166724,166724,170343,173030,176044,184748,194746,198047,199212,202090,207421,211736,220634,230110,232666,232666,238189,244060,250090,264499,264499,271191,274424,281538,285546,291022,296647,302692,306996,309362,313341,320173,327007,334783,344954,353718,359065,374297,381345,388617,396885,403560,407352,412388,413125,434907,445289,454034,462553,466580,471911,481913,491109,500879,511693,521527,525165,532219,539240,548808,558290,568011,576507,581013,588451,595665,601789,608710,615530,620186,620186,626082,631309,637854,647628,655560,665014,671959,681780,685996
84000012,US,USA,840,12,,Florida,US,27.7663,-81.6868,"Florida, US",21477737,,28,2632,13091,26339,41164,45607,48388,62921,81039,105430,115676,116015,128920,132635,156803,187896,230777,249669,250595,255808,260655,291770,334977,398824,467816,550157,596735,627944,699587,768629,846855,928869,1024704,1099535,1125053,1125053,1166458,1233594,1306983,1389149,1479622,1534816,1565383,1622421,1697849,1814482,1879244,1948148,1993472,2036038,2119968,2209641,2320966,2448711,2579175,2661796,2710156,2813488,2933920,3057652,3216044,3351430,3467856,3490648,3598996,3702569,3819224,4198451,4205898,4387051,4406005,4406005,4502702,4605201,4704530,4822353,5044420,5047960,5077891,5167346,5314200,5448653,5688357,5904827,5961421,5961421,6070173,6332072,6613352,7108286,7108286,7116355,7197889,7332554,7522691,7684142,7977789,8186888,8191294,8250717,8396727,8603007,8811431,9028641,9271008,9276711,9405368,9563326,9781739,9988150,10204039,10565844,10567292,10645680,10806283,11367878,11639845,11912259,12083514,12188472,12302529,12550868,12767808,13029551,13397449,13400013,13486553,13652873,13856952,14062043,14252729,14462795,14608762,14698580,14851191,15013785,15159919,15488105,15491654,15566404,15566404,15721876,15893169,16084479,16251997,16431037,16598829,16697361,16801374,16937994
84000013,US,USA,840,13,,Georgia,US,33.0406,-83.6431,"Georgia, US",10617423,,,,,,,1258,17870,26010,26010,26010,26010,26010,26010,52242,61870,76742,76742,76742,76742,94607,94607,94607,123030,135605,167057,167057,167057,206900,235541,283177,326056,368379,393970,402955,423011,423011,484775,535920,591438,630984,651478,656501,674967,746274,791254,836518,887399,913936,923903,954786,984354,1030872,1073482,1122122,1146687,1158884,1199430,1248477,1301647,1353978,1408232,1429643,1446647,1446647,1491903,1541057,1606622,1720789,1786755,1850856,1880429,1880429,1919262,1961849,2013769,2070076,2072451,2072628,2104827,2154840,2217163,2286514,2325495,2391999,2391999,2407851,2478115,2540760,2615845,2754347,2754347,2790084,2810272,2846173,2956040,3044905,3113334,3207887,3280952,3281102,3362513,3434860,3530980,3621196,3711950,3764344,3786303,3855859,3950645,4055515,4150770,4185967,4236864,4281437,4463237,4660059,4675723,4750317,4778384,5084048,5061522,5157520,5262259,5366914,5462269,5542994,5583537,5655164,5740162,5828947,5922054,5924273,6011504,6060609,6135031,6218010,6306091,6386954,6460256,6461734,6461734,6550721,6552673,6680976,6740869,6799470,6838037,6867030,6909908,6960793
84000015,US,USA,840,15,,Hawaii,US,21.0943,-157.4983,"Hawaii, US",1415872,,,,,,,,,,,,,,,,,,25000,25000,25000,25000,25000,25000,25000,25470,25470,25470,25470,25470,25470,40386,40386,40386,40386,40386,40386,40386,40386,70095,70095,94003,94003,94003,106654,109808,120431,127419,137100,137100,137100,151558,159526,171705,181704,189446,189446,189446,202200,210250,218997,227401,236649,236649,236649,236649,261950,268428,276603,301369,312730,322966,333599,333599,339771,348897,359108,370746,382798,389644,392771,399195,411264,421996,434343,452988,452988,464100,475859,489283,503482,528035,528035,538235,546123,559118,572716,587465,599643,610517,614208,621720,632086,642642,659606,660902,662115,685464,692706,705568,717790,732136,742277,757630,763772,770879,871595,906777,906777,906777,954594,973793,991624,1007966,1027849,1027849,1027849,1064942,1076512,1089152,1105651,1118905,1135909,1155796,1167288,1180186,1195009,1209189,1225187,1239820,1252324,1257711,1257711,1264136,1266849,1369473,1376756,1386097,1386111,1394995,1399501,1413166
84000016,US,USA,840,16,,Idaho,US,44.2405,-114.4788,"Idaho, US",1787065,,,,321,944,2306,3582,4348,5665,6538,8490,8490,9673,10099,10459,11729,13686,15780,15780,18527,19119,19569,20843,22822,25416,28194,32100,34755,35842,38891,42607,46703,51233,58170,60805,60805,60805,69398,73209,77781,82475,86912,91066,93582,96896,102713,108364,114372,120391,123897,126178,131909,139695,149599,166466,176220,185790,195591,198826,205379,214063,223921,241569,242295,242295,263625,270169,278474,304647,313466,326336,340444,340444,346534,356987,367113,378401,392370,404250,409641,418956,428196,442491,457434,482273,489220,489220,497534,507965,522505,550174,550174,559659,566079,566777,586497,603043,622341,639606,650437,656932,666389,678747,694887,710876,728042,736941,740943,752364,766703,782576,799887,817221,826653,828816,842030,873222,889862,909981,920374,924998,917256,929172,944361,959118,974591,981273,984868,994195,1004155,1017413,1029611,1043295,1048785,1051044,1058965,1066942,1076561,1087190,1098931,1101401,1101401,1108625,1116681,1125117,1132242,1132383,1132419,1150182,1154850,1160043
84000017,US,USA,840,17,,Illinois,US,40.3495,-88.9861,"Illinois, US",12671821,,,,,,,,,,,,,,,,,,,,,,,,,,,,,,353791,384658,414296,447348,471157,487040,495563,495563,508732,537740,572389,616677,657820,681473,692763,719995,773623,829488,887845,945137,981988,996410,1073076,1108571,1178369,1247521,1329963,1401585,1457693,1477780,1539781,1604830,1876297,1962262,2028044,2072133,2114935,1996099,2037388,2174539,2261482,2339546,2416034,2416034,2461385,2519447,2639826,2735250,2824209,2906555,2958947,3022385,3107699,3204414,3341021,3571808,3601065,3601065,3672596,3777731,3925271,4197470,4197470,4297923,4379055,4469795,4584510,4683361,4826260,4960792,5051382,5096694,5177472,5287852,5412272,5542211,5682011,5793846,5843688,5932882,6073419,6192219,6340870,6488477,6592898,6627939,6725817,7017850,7185009,7363280,7495849,7626668,7582133,7723702,7855924,8027611,8189755,8306266,8371979,8455483,8606345,8741918,8880236,9011738,9093034,9143971,9227089,9335649,9445420,9551269,9642236,9687975,9687975,9748918,9859955,9961799,10036784,10146731,10228284,10298929,10359133,10434159
84000018,US,USA,840,18,,Indiana,US,39.8494,-86.2583,"Indiana, US",6732219,,,,,,,,,,,,,,,,75842,75842,75842,75842,75842,75842,75842,75842,128611,128611,128611,128611,128611,217259,235758,260166,287239,312193,338905,357633,366114,366114,389352,418472,449958,480338,513353,532804,540841,566575,590181,625370,646518,689350,705722,705722,742299,777560,816466,852280,887677,911334,923345,959079,994717,1039987,1079982,1120214,1142851,1153585,1175586,1190682,1228652,1269472,1304992,1326456,1333274,1364839,1403494,1459296,1505040,1551945,1590344,1615149,1624577,1657664,1697536,1748623,1800802,1879649,1879649,1892845,1934412,1979075,2030306,2127229,2127229,2160312,2170644,2206988,2252443,2304727,2360942,2406866,2437519,2447336,2489516,2548924,2604473,2655132,2700392,2734813,2744163,2793014,2840511,2903944,2972415,3016801,3048583,3061069,3118886,3268764,3333969,3382357,3412179,3451895,3519666,3588808,3646880,3699872,3728001,3747830,3785172,3834629,3887012,3938806,3981230,4014793,4029224,4068119,4114426,4171765,4229104,4278157,4297368,4307433,4307433,4395106,4453018,4496606,4542667,4575544,4587006,4618946,4657343,4696852
84000019,US,USA,840,19,,Iowa,US,42.0115,-93.2105,"Iowa, US",3155070,,,,,,,,,,,,,,,,,,,,,,,,,,,,,,96686,96686,96686,96686,125776,125776,125776,125776,142614,142614,156296,156296,156296,156296,156296,156296,204196,212497,224347,237874,252202,257468,259522,266777,279252,293377,308527,328412,345350,351803,368759,387370,408578,432473,456512,456512,485710,495487,507650,552706,577374,599489,614928,614928,621717,631160,654074,684596,713054,734845,740713,753860,773314,801113,861247,940050,952377,952377,969877,999390,1034296,1114556,1114556,1145079,1155003,1155384,1182560,1225964,1265775,1302395,1324891,1333747,1346156,1369302,1402543,1445223,1488820,1514487,1525091,1539664,1567904,1605295,1687691,1688053,1706823,1716227,1732177,1807025,1854009,1905355,1927000,1938454,1970222,2001742,2034594,2070119,2102984,2125941,2132028,2149867,2176895,2208348,2242261,2277047,2295425,2306511,2319689,2351211,2378407,2408958,2433874,2453634,2453634,2473624,2495695,2517783,2541332,2564630,2581316,2589194,2597811,2612715
84000020,US,USA,840,20,,Kansas,US,38.5266,-96.7265,"Kansas, US",2913314,,,,,,,,,,,,,,,,,,,,,,,,,,56480,56480,56480,77217,84555,93885,98130,103504,103504,103504,117434,117434,117434,129349,129349,143856,143856,143856,157520,157520,177350,177350,205114,205114,205114,229459,231201,249724,251425,278445,280252,296284,303691,305574,331022,332923,365180,367891,389983,394523,397247,418653,418653,466718,488738,509332,517379,483205,506401,506401,560776,583498,609765,620939,629548,644921,661143,683046,707897,742945,751652,751652,769636,796242,847260,900500,900500,909577,917107,931281,959395,997844,1035916,1072867,1081274,1088988,1115858,1140488,1170671,1217475,1249912,1261951,1269292,1290992,1311354,1367364,1408174,1446575,1456012,1460582,1496038,1558508,1600435,1639400,1652045,1662790,1688602,1720398,1758086,1790051,1815877,1827318,1831938,1850135,1879973,1908417,1933363,1956276,1962004,1965765,1980455,1997118,2015317,2036312,2053596,2056086,2056086,2070420,2085350,2115612,2129510,2146247,2151543,2158516,2170983,2179220
84000021,US,USA,840,21,,Kentucky,US,37.6681,-84.6701,"Kentucky, US",4467673,,,,,,,,,8839,11192,11192,11192,11192,11192,11192,28938,34376,34376,34376,34376,34376,60414,66582,77349,92938,107799,107799,107799,130355,140636,153498,172537,190547,190547,190547,213567,213567,221440,232127,250867,250867,267577,267577,308812,319608,338506,362924,382219,400267,409797,413300,430825,435400,455783,483777,517168,548342,564682,568658,584947,608198,636518,649810,678768,678768,711588,719857,726168,779109,796952,824007,851440,851440,874840,907836,945168,980727,1020045,1046835,1061236,1082228,1117369,1162694,1209546,1283860,1293847,1293847,1318808,1357068,1401175,1496894,1496894,1532494,1547563,1582305,1619517,1668125,1713059,1762745,1797605,1813786,1838590,1876610,1924602,1976294,2019234,2058753,2074948,2100387,2142945,2192380,2252894,2300753,2327458,2333781,2368560,2471143,2525215,2571972,2587355,2594073,2653617,2704303,2755582,2802064,2849292,2868642,2877497,2900342,2934874,2977151,3011682,3039150,3056552,3064218,3084915,3110315,3142500,3168055,3186682,3190060,3190060,3213684,3240967,3263399,3284726,3309482,3326637,3343775,3358806,3374208
84000022,US,USA,840,22,,Louisiana,US,31.1695,-91.8678,"Louisiana, US",4648794,,,,,,,,,22108,32766,32766,32766,32766,32766,32766,37969,37969,37969,45289,45289,45289,45289,56452,56452,81585,81585,81585,81585,81585,159698,159698,201377,201377,201377,201377,201377,201377,267720,267720,301316,314328,314328,314328,314328,357894,357894,397371,397371,397371,397371,397371,487705,488960,534985,536404,570731,599941,614041,637361,639019,699334,701110,735622,769155,782992,784976,791574,812962,859565,877683,894519,907334,907334,920794,943419,978234,1019381,1056975,1076576,1084499,1107626,1139071,1179138,1179915,1277889,1277889,1286353,1309279,1340630,1379998,1464377,1464377,1484459,1494482,1519050,1556491,1587368,1629437,1664443,1688633,1695779,1725080,1767526,1793002,1838055,1882190,1911134,1920242,1963625,2016902,2047718,2093895,2116985,2131488,2134372,2161015,2239421,2279467,2317149,2334618,2345503,2355526,2394289,2427942,2460469,2489654,2507009,2517042,2540302,2567548,2597790,2624038,2648411,2660514,2666718,2686441,2708187,2708891,2709800,2710055,2730594,2730594,2733787,2812519,2830235,2830772,2861659,2870888,2876507,2888086,2900359
84000023,US,USA,840,23,,Maine,US,44.6939,-69.3819,"Maine, US",1344212,,,,,2264,2264,2264,2264,8001,13089,15701,16236,17067,17180,17180,19634,23527,27122,30877,32090,32995,33425,35536,35536,42317,46633,52324,54557,55775,58083,62004,66487,70228,74805,78084,79149,79149,81355,85847,92008,98371,109262,109262,110332,115213,121220,128704,137531,145356,153981,158071,161655,167111,176961,187055,191813,195245,200927,208302,215892,226184,237447,243482,245855,249913,255849,265991,278806,287330,294127,296253,301705,308671,316462,328357,328357,338663,349840,355810,364431,375596,391148,406946,418266,427445,430790,446226,463877,480638,496634,510397,512284,523269,528109,545102,562483,574956,581387,584455,595845,604981,623388,640060,655406,664807,673445,683925,692786,712798,715036,751724,766984,778195,795748,798203,823594,870391,883051,894295,906713,906713,947441,966930,987358,1006549,1007762,1035968,1041650,1048457,1068265,1088047,1105784,1107231,1108830,1137578,1150672,1165567,1183324,1200539,1200802,1201345,1201345,1234253,1247314,1263442,1276596,1276858,1277884,1306086,1313480,1324706
84000024,US,USA,840,24,,Maryland,US,39.0639,-76.8021,"Maryland, US",6045680,,,,,,,,,7537,10497,14103,16902,18789,19818,20812,28615,36669,47012,54060,56151,59769,65692,76916,87475,100010,114684,128797,142402,146172,161784,177611,194255,212713,237266,245036,255110,255110,265657,279412,294974,314861,358262,358262,372937,396661,419579,449916,483149,512805,535638,544369,553733,601914,601914,634055,671899,690081,699733,727828,752036,785170,818478,877332,877332,893860,908979,936557,970457,1044590,1054467,1087762,1132483,1132483,1159983,1199143,1239644,1280675,1325977,1364145,1390370,1454494,1497538,1548380,1606378,1671778,1671778,1715039,1761081,1812309,1859444,1961982,1961982,1991188,2033434,2082976,2130973,2190923,2194556,2287975,2320073,2357211,2409705,2464830,2532593,2594534,2648201,2681526,2736823,2809466,2882170,2961306,3043682,3103045,3126025,3174405,3251010,3414598,3513930,3581978,3582804,3689020,3765018,3837451,3921579,3924960,4063087,4110450,4166108,4238913,4315837,4394132,4456286,4525719,4554368,4615758,4672656,4733768,4805115,4859616,4886821,4912028,4938901,5005250,5047436,5106380,5171015,5221259,5268016,5310083,5362861,5408440
84000025,US,USA,840,25,,Massachusetts,US,42.2302,-71.5301,"Massachusetts, US",6892503,,94,3277,9853,18642,22609,24029,30810,35618,55897,59556,59847,62361,63661,71387,78643,78643,78643,78643,78643,78643,78643,78643,78643,141108,141108,141108,141108,141108,141108,141108,239174,239174,239174,239174,239174,239174,239174,239174,359919,359919,359919,359919,359919,359919,359919,496103,496103,496103,496103,496103,625477,625477,681472,685074,727120,780268,806376,910412,950515,987774,1034018,1082785,1118374,1143430,1166516,1209614,1267262,1323656,1375439,1426512,1500077,1500077,1533534,1576657,1625459,1684341,1736477,1803528,1837816,1884139,1941018,2005800,2082052,2199086,2199086,2229483,2313916,2376322,2443419,2561749,2561749,2620671,2633498,2710203,2773542,2837941,2909219,2972826,3032996,3066115,3131419,3196050,3270796,3345239,3424253,3495331,3535818,3611067,3685186,3771380,3868668,3968332,4041785,4079774,4161913,4345857,4461283,4569777,4651716,4708134,4800301,4895087,4991916,5080279,5170513,5242290,5293380,5372992,5467558,5563298,5672164,5776781,5855519,5912678,6000594,6087168,6174851,6276416,6365033,6403240,6403240,6495919,6588555,6690804,6785409,6858691,6931977,6986508,7043681,7103369
84000026,US,USA,840,26,,Michigan,US,43.3266,-84.5361,"Michigan, US",9986857,,10,352,1097,2847,9781,12430,13321,26737,37660,52309,54040,54162,57227,58997,74140,86626,106744,113167,114178,118726,128390,140245,152511,174749,195240,195240,195240,233085,296588,332139,368844,405992,405992,405992,487959,487959,512906,552713,598127,642111,642111,642111,730453,760066,802106,854084,909038,909038,909038,1001873,1028286,1076545,1127787,1186630,1193181,1251940,1292572,1339129,1391159,1446322,1517959,1537856,1604973,1634609,1657215,1699504,1740608,1833886,1884038,1933648,1985511,1985511,2044496,2103114,2165950,2245696,2318415,2357259,2389534,2423899,2476796,2555112,2637353,2765577,2765577,2787289,2831319,2899309,2983009,3166094,3166094,3170085,3245598,3310710,3396328,3484418,3589255,3681378,3747788,3776838,3841144,3914742,4006900,4114426,4214787,4295979,4329057,4419793,4514072,4619345,4749818,4848250,4912079,4937557,5013346,5223390,5372960,5496030,5585259,5620259,5697977,5805782,5921344,6045853,6158414,6202312,6234096,6330276,6440845,6554194,6662538,6769798,6832809,6859562,6948146,7023900,7118239,7216189,7281555,7312923,7312923,7373940,7449790,7536559,7612067,7688179,7735604,7773743,7817715,7875785
84000027,US,USA,840,27,,Minnesota,US,45.6945,-93.9002,"Minnesota, US",5639632,,,,,,,,,,2999,2999,2999,2999,2999,2999,38014,44638,44638,44638,57017,57017,78402,80857,81167,91174,104226,119744,132280,147645,152849,155800,169416,187074,206559,221183,232952,232952,238935,239910,246364,264275,289846,311600,335477,353113,375934,407063,444164,488360,531048,559383,565603,582395,634453,637015,703366,729088,745290,745290,753019,777459,808827,852002,889831,914984,927384,943251,975626,1059617,1097316,1136840,1170259,1170259,1189101,1218799,1261762,1322288,1393985,1429631,1443875,1477533,1512877,1562547,1627997,1725656,1725656,1746992,1771967,1823592,1874674,2000939,2000939,2037382,2046151,2080648,2119439,2180483,2244149,2306429,2340900,2353672,2380640,2417606,2479001,2557970,2632176,2665779,2702080,2751928,2800651,2867187,2955945,3028798,3073562,3084723,3135211,3260958,3312268,3402218,3496194,3521437,3543372,3597769,3662022,3712223,3787015,3787907,3850054,3888651,3939904,4005624,4038574,4118735,4189925,4204905,4248287,4293491,4354128,4421310,4475535,4497797,4497797,4535336,4576900,4577431,4675303,4721950,4753424,4775142,4807371,4847982
84000028,US,USA,840,28,,Mississippi,US,32.7416,-89.6787,"Mississippi, US",2976149,,,,,,,,,,,,,13196,13196,13196,13196,20033,20033,20033,20033,20033,23511,25324,30691,30691,41541,49591,54714,55399,62744,73391,85829,96629,109354,109354,114947,114947,123702,138676,152374,165875,179792,179792,184398,193429,204910,216538,226209,240293,242935,243890,254594,270205,280838,305192,327163,327163,334000,350348,370489,392391,414181,436520,442874,442874,447312,447312,454926,474304,481424,491117,505655,505980,525462,547707,573123,598685,619251,637116,646440,666502,690874,719333,749518,776272,776272,787408,810535,837097,871002,903271,906036,906036,922492,922492,953185,978476,1002681,1008342,1011253,1082955,1109268,1138227,1159071,1186221,1227284,1208798,1230065,1259616,1290708,1299738,1346090,1352799,1356914,1376422,1402612,1418931,1444579,1451759,1456187,1477880,1495833,1516049,1532912,1554427,1558394,1561626,1575798,1593062,1608661,1623160,1623160,1623160,1646337,1655436,1669274,1682494,1694332,1694332,1694332,1709367,1709367,1728258,1738273,1747552,1747552,1747552,1768085,1774623,1780904,1787402
84000029,US,USA,840,29,,Missouri,US,38.4561,-92.2884,"Missouri, US",6137428,,,,,,,,,23000,23000,23000,23000,23000,23000,23000,66000,66000,66000,66000,66000,66000,66000,66000,66000,66000,66000,66000,66000,66000,66000,66000,182000,182000,182000,182000,182000,182000,236254,244476,265382,285697,291723,317737,335695,340273,400436,423839,493021,493021,511657,515850,553095,584260,584260,632213,683049,690072,693468,716038,741108,764378,801456,843740,866875,873686,886800,910338,939810,1014248,1042872,1083721,1110913,1110913,1137233,1167787,1213449,1278087,1279404,1375027,1384067,1415806,1458439,1504236,1552157,1633864,1633864,1647096,1685362,1724580,1759789,1867231,1867231,1897083,1907859,1939762,1989274,2033873,2087816,2143727,2174546,2192811,2229686,2276318,2333919,2371541,2430704,2464910,2481467,2578247,2578247,2717993,2763922,2807214,2853511,2861032,2904295,3020648,3083405,3146868,3196092,3242310,3263224,3310684,3366674,3436756,3508767,3536035,3545080,3588783,3639625,3690346,3729759,3805156,3858945,3874578,3906752,3947226,3985417,4019723,4062200,4085582,4085582,4118674,4152250,4181588,4215354,4243742,4286786,4300932,4326127,4348456
84000030,US,USA,840,30,,Montana,US,46.9219,-110.4544,"Montana, US",1068778,,,,,3000,3000,3000,3000,3000,3000,3000,3000,3000,3000,3000,3000,16990,16990,16990,16990,16990,16990,16990,16990,23000,23000,23000,23000,33000,33000,33000,42000,42000,42000,42000,42000,55000,55893,57220,60389,66348,72544,76590,77739,81157,86197,92567,99248,104501,106121,107300,110351,116119,122503,130839,137717,139221,140070,144271,149263,157618,167276,176719,180193,181572,184483,189971,197886,221225,228890,237099,243015,243015,246626,252295,260990,271075,281422,284679,286163,291572,301007,312296,324102,341554,341554,343597,349631,359446,370463,395770,395770,398858,401716,406867,414258,422946,433315,443030,447675,447693,455003,463857,475058,487221,499029,502390,504919,522897,534273,545186,557322,569766,573480,575293,584386,609984,622560,635147,639104,641916,643288,655446,666324,677644,678296,691035,692839,697964,705683,714287,724221,732282,734717,735987,741564,750384,758111,766688,772832,774095,774095,777944,783615,788740,793803,799489,801733,803109,805538,809959
84000031,US,USA,840,31,,Nebraska,US,41.1254,-98.2681,"Nebraska, US",1934408,,,1746,1746,1746,1746,1746,8958,8958,8958,8958,8958,8958,8958,21419,24129,27455,30492,34029,35610,36358,36719,39686,53418,60170,67983,73842,76882,78074,83317,88528,94790,99101,104116,106203,106940,106940,109526,115080,121681,127296,135995,137249,138344,142827,153231,161548,170429,180842,184045,185536,198194,198194,221342,229719,232896,234132,239832,239832,258562,272495,272495,287551,289118,293362,303463,303463,322254,347754,360582,372655,392756,392756,405896,422419,442310,443974,474439,476315,484888,497106,513497,535213,536126,573413,573413,594293,607373,629765,653385,666417,666417,684831,697176,712099,731885,754880,755802,775509,797409,804643,818325,836012,857343,858106,881787,900049,916701,940837,966534,991673,992251,1009786,1024342,1036053,1055469,1107623,1108135,1130671,1145421,1185844,1208422,1228445,1256055,1258010,1267986,1280204,1297175,1307408,1330661,1339495,1347769,1365758,1380706,1380708,1399434,1412743,1417252,1426529,1439421,1463240,1463240,1472064,1484377,1499291,1512386,1536579,1556413,1567674,1567761,1576707
84000032,US,USA,840,32,,Nevada,US,38.3135,-117.0554,"Nevada, US",3080156,,,,,,,,,,,,,,,,,,,,,,,,,,,,,,,,,,,,,,102840,107133,115991,126458,137031,152203,159869,164362,174367,194942,210185,224192,241078,248754,253174,288531,291601,304323,322252,334073,346685,351531,375402,379077,394172,411057,428423,428423,446800,464037,466981,522332,555742,569810,598423,598423,606821,622189,642562,665577,685692,715121,723182,733953,750160,773285,800030,855890,855890,864967,878645,904504,930754,989342,989342,1013805,1020137,1034347,1062287,1086559,1116221,1145354,1164939,1170434,1185896,1214518,1243965,1274357,1303006,1328018,1335002,1348526,1374197,1399135,1431817,1462114,1482433,1487176,1505143,1576189,1615552,1652963,1684035,1692135,1709620,1744896,1774080,1803308,1834497,1856362,1863377,1879451,1901548,1922250,1943150,1966545,1985316,1991775,2005102,2026997,2051105,2075542,2097373,2108787,2108787,2122615,2146595,2167439,2186639,2209675,2227825,2236935,2248770,2264766
84000033,US,USA,840,33,,New Hampshire,US,43.4525,-71.5639,"New Hampshire, US",1359711,,,,,,,,,,,,,,,,,,,,,,,,,,,,,,,,,,,,,,71556,75418,80639,85595,89816,93338,94623,97002,103080,110451,117408,123740,128313,130515,135799,138271,145086,153145,161178,165887,166603,168727,176192,184103,191114,200675,208541,208541,216649,218316,226863,241386,250296,260809,274267,274267,282235,291248,299874,310769,321602,324806,330538,339484,349825,358497,371111,385485,393931,393931,405366,418658,431296,460696,460696,465226,471480,478758,489626,500911,514422,529948,537577,545500,554889,566168,574612,586018,598445,602562,644059,662036,707655,721042,764940,774277,796674,800922,829371,889074,922666,958018,978713,996633,1008027,1050144,1075608,1088613,1099300,1102415,1108521,1113989,1117327,1120433,1123788,1127251,1129881,1132331,1134878,1138304,1142049,1147521,1151253,1153848,1153848,1159614,1159614,1141718,1144819,1148596,1151245,1152483,1156401,1201567
84000034,US,USA,840,34,,New Jersey,US,40.2989,-74.521,"New Jersey, US",8882190,,,,,2149,2149,2149,2149,2149,2149,36500,36500,36500,36500,36500,36500,62901,72657,72657,72657,72657,101417,101417,101417,101417,101417,101417,101417,175157,243734,277118,287840,310595,336187,348414,366010,366010,407064,437064,475704,510099,524865,551209,584148,627677,664563,680601,742007,761283,785588,796075,837225,876529,905538,925579,1041289,1074805,1094886,1114392,1166824,1221575,1274438,1309703,1349327,1372931,1470941,1501767,1559569,1605744,1648599,1689031,1759059,1759059,1803596,1866998,1943116,2065666,2096498,2096498,2187330,2249861,2325257,2403077,2478696,2571874,2571874,2639438,2714949,2834934,2916801,3065373,3065373,3112960,3174729,3254946,3346883,3431096,3514899,3581686,3635504,3636384,3781744,3869393,3958836,4053945,4142916,4204062,4292515,4381035,4523995,4655258,4766910,4855447,4909547,4979819,5094041,5351413,5495689,5590502,5673369,5769561,5874832,5978301,6076066,6188717,6269398,6340637,6415408,6510179,6605809,6720403,6826763,6908470,6974357,7052362,7133352,7217144,7302231,7381197,7430120,7468871,7518475,7600716,7677602,7773775,7858549,7934175,7999599,8043316,8103394,8156536
84000035,US,USA,840,35,,New Mexico,US,34.8405,-106.2485,"New Mexico, US",2096829,,,,,,,,,,,,,,,,,,,,,,,,,,,,,,,,,,,,,137531,143048,152465,162995,185923,185923,203830,209580,216913,225496,239015,248183,263568,274497,277141,284157,291742,306389,319832,327279,340047,342786,346064,365297,383842,394720,399911,419882,437903,443359,450299,465715,562580,578916,595951,612496,612496,618666,634845,657118,678087,705538,711612,721489,735930,743904,765965,801111,833881,833881,839018,840633,867690,895586,942171,942171,952566,970496,983709,1004050,1031202,1060171,1085158,1098197,1101603,1111612,1135178,1162064,1191220,1224826,1239316,1242292,1258002,1281047,1312410,1342108,1365434,1374022,1377054,1384192,1448347,1477908,1502885,1514221,1517182,1530389,1551199,1578058,1606321,1627241,1640167,1643816,1656039,1674797,1699936,1722116,1739923,1746428,1749402,1759830,1774298,1794170,1817141,1835230,1850384,1850384,1860755,1877127,1894768,1915224,1927317,1938516,1941227,1948245,1970066
84000036,US,USA,840,36,,New York,US,42.1657,-74.9481,"New York, US",19453561,,,,,,,,38000,50000,89000,89000,89000,89000,89000,140000,140000,200000,200000,200000,200000,200000,200000,200000,200000,200000,200000,200000,200000,200000,200000,645037,645037,645037,645037,645037,645037,645037,919870,1000774,1084531,1149218,1220148,1283999,1324420,1376979,1433229,1433229,1790289,1855855,1920095,1960602,1995321,2042199,2122733,2231292,2342608,2421029,2513387,2589634,2658312,2766849,2898906,3023056,3127163,3207614,3272965,3362077,3451284,3543102,3625959,3707178,3772702,3821311,3985558,3985558,4170422,4327468,4463679,4583616,4698345,4819412,4959235,5143219,5342262,5640706,5640706,5797480,5941072,6086018,6264136,6577070,6577070,6699848,6834384,7003834,7150352,7305768,7494596,7633805,7737230,7875044,8029749,8231872,8471160,8690714,8885551,9056970,9229098,9421951,9655705,9925232,10281033,10519517,10640003,10761342,11027009,11519440,11811282,12062900,12242726,12437468,12633362,12843875,13064837,13277087,13531789,13676604,13829745,14003973,14171716,14374751,14571048,14732987,14856419,14982362,15161999,15410701,15636609,15858599,15980527,16064851,16064851,16353467,16552492,16701431,16866619,17034051,17168705,17273238,17394951,17507860
84000037,US,USA,840,37,,North Carolina,US,35.6301,-79.8064,"North Carolina, US",10488084,,,,,,,,,24500,24500,24500,24500,24500,24500,63571,63571,63571,63571,63571,63571,63571,63571,110260,110260,110260,161017,161017,161017,161017,219173,219173,219173,282615,282615,282615,282615,282615,404529,404529,573130,573130,573130,573130,573130,812586,812586,914217,914217,914217,914217,1061308,1099218,1142903,1195369,1259124,1259124,1259124,1390947,1436745,1486544,1554378,1631488,1631488,1631488,1780687,1835001,1882628,1939939,1977342,2008811,2068505,2118218,2138275,2180655,2246743,2320745,2366027,2467755,2525579,2545103,2606912,2661523,2720018,2760801,2881950,2881950,2909142,2994561,3070733,3165928,3414474,3414474,3480495,3564207,3630467,3724856,3813176,3903284,4002867,4064069,4092184,4209638,4304616,4419640,4456503,4549839,4654892,4713667,4778807,4913081,4913081,5008165,5057979,5210271,5275032,5388382,5624683,5624683,5640827,5872275,5965026,6057382,6164243,6270157,6270157,6270157,6466726,6517220,6594886,6711907,6775606,6775606,6775606,6878527,6967577,7017344,7100837,7167631,7167631,7168548,7300216,7300216,7391135,7456842,7515534,7515534,7515534,7619411,7648490,7685519,7728972
84000038,US,USA,840,38,,North Dakota,US,47.5289,-99.784,"North Dakota, US",762062,,,,,,5662,5662,6865,8463,11903,12990,13017,13037,13048,14818,16876,20578,21951,22052,22241,22241,22241,22241,22241,22241,22241,22241,22241,41288,42790,45046,48950,52955,52955,52955,52955,52955,61094,63244,68560,74055,74055,74055,74641,81379,81568,85589,96291,96291,96291,105616,107522,111059,117184,126166,126166,126822,135530,137470,141267,147486,152467,152467,152467,162038,163792,166512,171413,182325,188496,194406,196576,196576,199813,203911,212625,225330,234209,238585,238848,241181,246289,255282,264133,275989,277845,277845,280757,286495,297605,317029,317029,321677,321693,325202,330516,340554,350706,357236,360501,360592,363148,369029,379564,390760,397822,401626,410932,413386,419484,433534,445669,449089,450780,452933,456435,474619,484807,491433,496230,496330,499005,504937,512370,519718,525541,527870,527930,530830,534462,540817,546923,551267,552616,552769,554274,557851,562151,565496,567228,567560,567560,569428,571481,575543,579625,581749,582564,582582,583379,586153
84000039,US,USA,840,39,,Ohio,US,40.3888,-82.7649,"Ohio, US",11689100,50,787,2501,4235,7905,8087,8123,14256,22717,42228,50768,53769,61458,66025,86072,107140,140329,158372,158535,159706,162922,162942,175408,199801,221302,248600,275617,297013,304976,321506,338778,361603,388383,414062,435177,444524,444524,456131,482039,500176,535086,575003,607893,626867,656474,682705,716017,758651,788858,823839,853965,1082698,1125154,1174115,1239085,1290398,1342547,1369810,1402324,1454664,1535436,1607696,1686161,1753404,1788902,1818960,1852235,1908650,1999736,2066995,2140688,2228732,2228732,2288128,2351582,2413164,2501854,2599806,2660844,2723208,2790056,2850454,2918114,3027215,3203772,3203772,3255735,3316480,3398966,3535596,3741715,3741715,3819317,3862956,3945474,4052073,4169749,4296449,4379745,4447020,4515098,4611594,4740365,4881347,5010410,5102816,5168120,5230058,5335004,5482938,5646993,5783127,5866709,5910291,5997587,6123615,6444723,6611074,6720110,6766665,6866396,6981312,7102375,7246555,7358453,7435299,7485958,7485958,7667220,7791779,7905416,8012829,8081540,8129084,8129084,8261648,8373583,8468775,8537556,8571617,8586189,8586189,8698391,8790563,8864240,8941435,8983207,9051399,9106650,9150253,9208043
84000040,US,USA,840,40,,Oklahoma,US,35.5653,-96.9289,"Oklahoma, US",3956971,,,,,2253,2253,2253,2253,2253,2253,2253,2253,29725,29725,29725,29725,29725,29725,29725,50330,50330,50330,50330,50330,50330,50330,50330,99373,99373,99373,99373,99373,197820,197820,197820,197820,197820,197820,197820,197820,278151,278151,278151,278151,278151,278151,278151,373279,373279,373279,373279,445675,462440,484384,510693,541252,573746,586054,588207,606406,628361,640353,660835,682354,682354,694616,696437,700440,813518,830903,865961,906583,906583,935457,967522,1006064,1046995,1095362,1119049,1124662,1147833,1181414,1213040,1246152,1300639,1300639,1307274,1334818,1364914,1398278,1465197,1465197,1483295,1488390,1519597,1551665,1585046,1616226,1652639,1674556,1682725,1717541,1753658,1790349,1827618,1869610,1888004,1895546,1930169,1975056,2021155,2069319,2107328,2122756,2128826,2163825,2235462,2273840,2312369,2330078,2347654,2356622,2385570,2415619,2444413,2474956,2500302,2506422,2525644,2546118,2564987,2592766,2616439,2627397,2632963,2649839,2666794,2681258,2699387,2715800,2721002,2721002,2736824,2750458,2762753,2774257,2786611,2792368,2796112,2804450,2815020
84000041,US,USA,840,41,,Oregon,US,44.572,-122.0709,"Oregon, US",4217737,,,,254,688,2423,3502,4630,8584,12486,16945,18409,18420,20271,21616,27876,34714,41985,46499,47008,48725,51275,55239,61664,66923,74914,88362,97010,97010,115060,129781,129781,146137,189189,204973,216924,216924,225065,238759,253710,270452,285906,300660,308050,325472,340359,359369,382368,407865,423604,438277,454244,471686,486856,509578,532449,554143,572398,588738,604212,623907,649600,669986,677192,683885,691452,707241,729821,767637,794779,821720,864960,864960,865750,889531,927860,960674,994403,1024055,1038342,1050060,1073041,1097974,1137864,1199682,1221981,1221981,1238835,1239800,1271685,1366471,1366471,1387803,1412282,1414113,1433105,1483419,1523965,1560983,1584449,1606844,1626721,1657083,1694736,1737553,1772914,1802561,1821492,1854126,1893672,1941147,1988473,2034002,2066694,2089274,2123427,2211938,2266230,2321846,2356196,2384336,2415448,2455797,2501531,2549615,2595396,2628195,2653785,2680641,2681488,2770216,2819970,2874447,2908484,2936291,2965257,3007184,3047017,3047459,3137471,3160032,3160032,3207617,3239343,3275954,3331075,3395077,3432832,3461500,3496421,3525900
84000042,US,USA,840,42,,Pennsylvania,US,40.5908,-77.2098,"Pennsylvania, US",12801989,,,,,,,,26563,26563,26563,41444,57602,67809,71305,74388,82790,102934,120821,128769,129090,132612,135044,144863,159216,178843,199618,223025,246404,285671,311477,342588,373529,407217,427713,447819,457347,457347,477929,516746,543329,585691,626532,660201,680219,737817,770965,837817,893256,941412,987031,1008025,1155945,1158091,1218735,1271529,1338491,1407839,1441358,1478180,1538058,1594474,1668862,1678229,1822327,1822327,1832629,1950185,2002786,2184973,2231800,2306828,2381079,2381079,2425429,2489919,2562627,2676006,2751844,2835338,2886451,2948581,3036398,3169691,3298800,3335592,3335592,3524263,3638014,3737143,3759104,4191298,4191298,4283453,4340831,4491125,4591687,4612975,4637450,4639971,4748613,5150999,5290020,5325139,5516639,5670930,5795550,5893502,5947782,6056762,6201769,6384592,6551136,6670089,6756869,6802632,6819136,6920672,7457814,7559762,7687290,7811291,7936989,8084439,8249758,8391487,8517810,8591616,8690848,8871360,9007319,9239553,9430907,9527786,9613437,9696649,9800202,9931324,10051650,10238628,10297139,10367062,10367062,10531067,10644951,10758543,10877689,10952811,11005196,11106182,11178395,11288966
84000044,US,USA,840,44,,Rhode Island,US,41.6809,-71.5118,"Rhode Island, US",1059361,,,,,1226,1226,1226,4827,6400,7072,7072,7072,7072,7072,11935,12869,17020,17020,17020,17020,17020,24266,26563,28609,29706,31541,31541,31541,35649,42723,45643,48118,51220,51220,51220,51220,51220,57866,60893,63152,66070,66070,66070,73994,78191,82303,86315,89761,89761,100474,102384,105051,108924,113656,113656,113656,122747,125208,127857,133844,137945,137945,137945,148335,151170,165488,173634,173634,183814,199449,199449,211660,211660,218499,226694,236186,246055,259344,269512,275799,282767,290963,300529,310283,326730,326730,333607,340997,350979,359501,382782,382782,388420,396843,405224,418819,434596,449583,463229,471800,480045,490191,499844,510362,520226,535172,543864,552753,560478,576750,592579,609683,626014,631530,641275,653811,667244,680525,696609,709383,727371,733129,742268,755476,764641,776082,787717,801289,807630,818872,828821,844870,859098,872064,886081,893081,898947,913120,925022,934703,940661,940661,951345,972083,979267,979267,988104,996123,1010169,1024027,1038857
84000045,US,USA,840,45,,South Carolina,US,33.8569,-80.945,"South Carolina, US",5148714,,,,,,,,,,,,,,,,,35158,39100,39100,39100,39100,39100,39100,39100,39100,78562,91689,99358,105856,114970,121819,137712,146219,154995,158232,163800,163800,172975,190191,211789,241888,267884,277258,281277,297453,328801,362786,371894,399830,418670,420964,470696,479202,497433,518892,542879,568917,585692,585692,608062,628496,649375,674843,704186,704186,738476,755422,778113,848054,879776,910669,941136,941136,973703,997874,1025316,1057969,1086550,1116811,1123049,1150199,1202753,1232377,1284575,1380510,1380510,1397362,1423016,1461672,1493376,1583500,1583500,1618854,1627125,1649023,1686210,1723604,1745511,1793297,1834965,1848117,1889498,1926363,1969766,2017582,2066478,2109171,2124443,2150462,2191473,2243230,2244467,2305396,2328710,2341969,2381960,2539519,2591420,2653698,2694436,2707762,2734788,2775374,2819681,2866181,2908640,2947704,2963058,2984448,2985791,3021647,3058387,3094536,3111127,3163207,3182970,3208817,3241756,3273403,3299001,3315003,3315003,3329233,3357973,3389673,3413651,3439210,3464060,3477773,3490475,3507825
84000046,US,USA,840,46,,South Dakota,US,44.2998,-99.4388,"South Dakota, US",884659,,,,1515,1515,6198,6311,7516,7844,8398,9770,12910,13710,14799,15830,18960,18483,21144,21144,26409,26870,26913,28581,31267,33389,36890,40284,44073,48225,48698,50712,54284,57103,55531,56625,57121,61113,62518,65377,70643,77200,80441,82512,82823,86986,91776,97231,102847,105961,107685,108004,110967,115676,121593,127592,131439,133068,133231,136438,141733,148670,155026,160223,160223,162885,165865,171175,218198,225848,232725,235964,237230,242710,250216,259553,269289,278285,282075,282575,287657,294765,304382,314577,322959,326272,326763,332059,339564,349016,360667,373065,378505,379911,384987,392994,403411,414458,424806,428076,429022,436290,445142,457075,471664,482516,488046,489525,496601,505081,515412,529897,539915,543431,544206,550434,560263,571138,584224,594431,597911,599012,603930,611743,619857,627721,635646,638869,639799,643744,650608,660751,669294,676863,680026,680866,685056,691904,699187,710757,711253,711479,711479,716196,720317,724482,731351,731988,732173,735066,736482,739400
84000047,US,USA,840,47,,Tennessee,US,35.7478,-86.6923,"Tennessee, US",6829174,,,223,1663,9517,15766,19889,26271,33398,48692,58758,63445,64161,68702,70171,79282,79282,79282,126887,126887,126887,126887,169070,169070,169070,215427,215427,215427,215427,287243,287243,287243,349216,349216,349216,349216,349216,396100,396100,396100,470660,470660,470660,523064,542121,567594,621270,655234,690734,706187,718681,743224,774850,809138,844728,874281,885458,900580,876342,913937,940403,975808,1005707,1020841,1026918,1036123,1054418,1068979,1085182,1099230,1117120,1139836,1165626,1200616,1245604,1304609,1347871,1368885,1394659,1435667,1481175,1520775,1567864,1605795,1659254,1659254,1690179,1743392,1795720,1855283,1921346,1921346,1952377,2008277,2050654,2090110,2141906,2141906,2198555,2252222,2302723,2372825,2438738,2489289,2554391,2554391,2624544,2681005,2756985,2829612,2829612,2863871,2905011,2996515,3045344,3112768,3122632,3189476,3255070,3290405,3353130,3418601,3471877,3534023,3534023,3562769,3630830,3666873,3726966,3778718,3830275,3830275,3855241,3909930,3947826,3991042,4032203,4075619,4075619,4095246,4131976,4131976,4235857,4288322,4321739,4321739,4346845,4395108,4422965,4447581,4488573
84000048,US,USA,840,48,,Texas,US,31.0545,-97.5635,"Texas, US",28995881,,,,,4187,4187,26007,42248,60631,83967,113514,126411,131748,139747,146988,163700,205463,282515,340415,365455,377050,414211,439502,482045,541512,614086,700559,752324,802503,862793,929219,1021511,1111966,1200755,1276808,1307663,1307663,1358676,1500288,1500288,1600794,1678517,1713980,1754569,1868596,1923503,2056962,2170149,2290936,2359323,2446600,2525104,2652896,2805359,2930767,3107936,3246638,3322062,3436180,3568618,3708460,3873581,4007986,4133747,4155797,4256383,4312301,4333726,4542622,4614697,4673868,4800286,4800286,4923960,5107257,5273077,5394961,5566612,5572496,5956629,6191550,6379094,6591175,6829275,7071506,7071506,7299866,7529655,7730664,8005490,8421946,8421946,8547673,8660886,8850377,9055037,9237352,9428516,9611867,9734465,9845182,9841589,10133617,10420919,10700661,10941968,11130215,11357324,11604088,11950969,12318117,12565129,12808243,13065244,13297711,13533392,14219706,14685955,14959669,15151731,15343387,15610120,15897950,16167944,16419173,16539082,16745114,16870701,17065670,17307611,17543688,17782171,17979089,18093739,18218563,18395582,18622188,18885671,19090255,19205116,19276649,19276649,19519836,19690275,19884729,20060525,20215285,20304544,20403618,20533264,20671478
84000049,US,USA,840,49,,Utah,US,40.15,-111.8624,"Utah, US",3205958,,,,407,407,3648,6520,8518,11380,14822,14822,14822,16924,16992,17543,20417,23970,30200,30200,46374,47382,48575,55981,60462,68030,77228,87670,91799,93127,100632,116659,125926,136156,149697,157170,168908,168908,172603,181169,193777,207127,222275,228348,229575,237637,250448,267027,281797,300516,310692,311785,325457,345179,362701,382881,404085,413937,506629,510267,510267,510267,510267,512189,524000,525033,532985,551068,563608,584648,610074,610580,611910,623876,641881,662012,682536,702293,716536,721029,741297,759533,785671,820874,850982,867118,867118,892652,918506,958080,990601,1033125,1033125,1034894,1051973,1080232,1108053,1140231,1166862,1182227,1184825,1209387,1237861,1264893,1294946,1323163,1338384,1341674,1366285,1399371,1447314,1489761,1524221,1539524,1541973,1574029,1613280,1650850,1683737,1703065,1708002,1738003,1768246,1808824,1852460,1880269,1897531,1918236,1918236,1950894,1985296,2014815,2035354,2039298,2053317,2073225,2097937,2124832,2146777,2167644,2174205,2184859,2184859,2225385,2243163,2261285,2284307,2307037,2315869,2342020,2342203,2367479
84000050,US,USA,840,50,,Vermont,US,44.0459,-72.7107,"Vermont, US",623989,,20,399,1160,2453,2835,3070,3716,4374,5307,7444,8057,8229,9139,9930,11157,11157,11157,11157,11157,11157,11157,17657,17657,17657,21352,21352,21352,21352,26575,29465,32359,34700,34700,34700,34700,34700,40670,42683,46292,51711,51711,51711,51711,55211,58686,61546,66979,66979,66979,66979,74514,76986,79826,82758,86935,87180,90328,93601,96635,99757,102427,106490,106787,106787,115658,117868,120781,127619,132112,137144,144085,144085,144970,147828,151538,156929,162558,168050,171557,173179,175767,179580,184327,198741,198741,203900,207110,212062,217495,231610,231610,239136,243777,247912,252439,262873,266120,274187,277420,283052,286766,293233,296682,303242,310003,316145,323388,328451,333676,341568,360030,360745,370232,376259,379673,400704,410891,416718,427958,441375,447009,456883,465933,475112,475112,482794,496506,502436,506652,515379,515788,525641,537515,548108,554809,561931,569228,579479,580936,589665,598705,604835,610256,615399,631483,632395,639833,650958,655342,661090
84000051,US,USA,840,51,,Virginia,US,37.7693,-78.17,"Virginia, US",8535519,,,,,,,,,19506,19943,31491,37712,38172,41660,44976,47052,54295,64882,75288,81770,87618,89326,104083,116247,139754,148909,167452,177945,189283,200402,216257,242530,268330,295202,316812,324965,324965,360051,360051,399317,443760,474979,522853,522853,569040,641873,697914,697914,758477,843230,873468,901213,922940,963953,1022150,1072748,1105102,1135639,1161590,1191875,1223199,1298573,1330305,1367319,1399221,1431501,1471242,1503786,1645485,1671217,1705294,1765927,1765927,1803505,1848774,1922788,2002734,2086194,2136926,2171427,2220648,2284452,2342449,2392680,2486429,2486429,2553714,2616782,2685399,2753938,2892286,2892286,2951945,2987320,3027633,3091883,3165336,3243652,3309153,3360330,3389780,3469776,3529449,3615169,3668360,3778349,3867013,3977862,4056991,4140842,4252753,4375147,4485753,4538309,4591413,4666333,4849229,4960277,5071677,5124981,5184004,5268328,5345259,5482281,5593318,5673591,5740358,5807003,5873177,5968173,6082952,6196880,6271814,6344228,6402272,6457715,6540658,6643728,6751219,6826662,6847737,6847737,6947022,7043683,7126510,7185843,7233201,7304153,7347888,7395989,7451290
84000053,US,USA,840,53,,Washington,US,47.4009,-121.4905,"Washington, US",7614893,,27,1600,4318,12195,17983,21855,28701,35160,43025,48427,48708,55108,59814,69099,81332,93311,102038,103460,111857,116741,125743,135780,148274,162516,179152,191152,198199,211073,224779,235744,235744,235744,235744,235744,235744,235744,294386,335836,335836,391195,391195,391195,500105,500105,545226,545226,616589,616589,616589,728636,741769,773346,797358,833935,867773,905118,942166,951204,1008946,1040044,1080510,1121779,1166471,1166471,1201284,1225920,1255764,1362197,1407229,1444507,1493572,1493572,1514416,1562425,1609190,1666839,1729208,1800030,1841160,1888198,1942877,2001032,2071467,2213284,2213284,2255182,2303420,2381471,2441777,2562529,2562529,2626048,2665688,2705839,2763105,2823446,2889480,2972560,3045597,3068976,3108315,3170650,3251437,3330877,3419568,3501641,3537203,3586736,3659886,3745391,3834378,3928519,4015071,4041494,4096497,4256546,4343950,4435641,4526964,4578156,4641399,4712952,4786678,4874563,4965443,5050192,5087896,5149883,5224178,5316416,5397121,5486098,5574043,5613491,5668118,5747171,5828363,5907522,5983715,6041337,6041337,6099153,6162034,6223705,6293784,6367124,6455671,6503438,6545096,6603947
84000054,US,USA,840,54,,West Virginia,US,38.4912,-80.9545,"West Virginia, US",1792147,,,,,1830,5450,5450,5450,5450,15914,26487,28623,28626,29675,30737,34474,44885,44885,49037,49807,51646,52221,56354,60933,66792,77156,88128,90645,105539,107245,117130,126457,146937,150897,153219,153692,156373,160199,169190,182460,182460,197220,206616,212875,217329,227058,242437,258958,262349,262880,266773,270250,278971,294059,317282,324439,325781,330217,335307,343519,354063,378774,389249,389249,391186,396348,398635,405839,440614,458087,463513,470643,470643,474477,485535,501913,526059,532295,534053,536534,541453,553449,583230,594118,602407,602407,606345,611113,626149,656270,684336,684336,686081,689649,695358,737730,737730,756418,763619,764903,769358,829300,829300,829300,846624,856921,857701,866037,874459,896388,930090,943140,946710,946918,952022,959003,1056510,1082248,1096466,1096787,1104774,1114670,1127861,1146914,1150742,1159846,1162079,1169417,1179328,1191114,1209768,1223131,1228859,1230919,1235598,1242647,1255597,1270519,1280213,1283020,1284646,1287187,1294506,1302220,1311329,1319358,1323420,1331345,1334740,1339044,1343561
84000055,US,USA,840,55,,Wisconsin,US,44.2685,-89.6165,"Wisconsin, US",5822434,,,,,,,12097,17082,23015,32328,36005,36290,39036,40730,47157,47157,47157,47157,47157,47157,47157,47157,85609,85609,110207,123402,123402,123402,151518,163371,176165,195152,213056,213056,213056,239102,239102,248185,248185,285358,310256,310256,310256,345017,362505,389240,432102,476855,521762,544234,551963,578336,659025,659025,702090,740526,761212,767020,793474,822910,860389,901333,940205,965999,976049,996591,1023576,1070199,1159390,1188631,1230619,1259647,1259647,1282723,1314188,1359943,1421435,1470570,1500923,1521200,1553270,1596290,1656753,1721352,1804918,1812456,1812456,1839822,1881901,1944768,2072866,2072866,2107896,2130926,2160948,2210128,2271149,2343615,2422908,2462081,2480311,2516425,2576727,2654772,2736745,2808953,2853949,2870834,2905410,2969294,3049407,3140168,3208168,3250426,3259060,3294426,3461130,3558061,3652477,3710175,3726777,3759176,3807818,3890347,3982152,4061288,4128223,4145118,4178933,4240048,4328174,4394643,4457053,4490374,4502240,4533803,4580372,4644336,4700739,4741771,4761542,4761542,4786435,4830952,4874656,4917970,4961248,4993227,5005275,5023324,5052032
84000056,US,USA,840,56,,Wyoming,US,42.756,-107.3025,"Wyoming, US",578759,,,,,,,,,1868,2865,2865,2865,2865,2865,3033,4832,5466,7472,7472,7829,7829,8383,8928,8928,9611,12996,13236,13236,13236,13236,18928,22266,25196,26423,26563,26563,26563,29170,33414,33414,35976,38191,38191,38191,40981,43992,46775,46775,46775,56831,56831,60317,60775,60775,67600,71858,71858,76457,76457,83554,92603,92603,95682,99099,99099,100186,101245,108535,124310,129060,129470,136163,136163,136366,141545,145577,151584,156397,156741,156912,162918,163194,166712,177496,185580,185580,185813,190180,190570,199232,211910,211910,212499,213969,214015,214050,220735,220993,221336,221452,235171,235424,242919,243336,243604,244038,261950,261963,262406,270226,270599,270862,286685,286966,288270,288586,289028,289340,310702,310765,314169,317111,317222,323397,323593,323699,323956,332765,332929,337560,340781,340893,341127,348679,348695,348883,353401,356057,358222,358512,358545,358545,363149,363390,367548,369771,369975,370014,373337,374624,374754
16,AS,ASM,16,60,,American Samoa,US,-14.271,-170.132,"American Samoa, US",55641,,,,,,,,,,,,,,,,,,,,,,,,,,,,,,,,,,,,,,4756,5313,5664,6569,6831,8046,8046,8315,9085,9085,9925,9925,9925,10761,10761,11066,11257,12029,12259,12259,12259,12680,13318,13513,15032,15382,15382,15382,16109,16269,16269,16269,17740,18778,18816,18816,19739,19739,20336,20338,20338,20338,21079,21079,21625,21625,21625,21625,21625,21625,23696,23696,23696,23696,23696,24300,24300,24300,24300,24300,24300,24300,27015,27263,27837,27864,28503,28527,28527,28527,29079,31167,31167,31761,31761,31775,31775,31775,32856,33545,33545,34165,34165,34165,34786,34786,35972,35972,35972,35972,35972,36093,36093,37231,37231,37590,37590,37808,37808,38337,38743,38743,38743,38743,38743,39268,39268,39666,39666,39666,39666,39666,39666,40091
316,GU,GUM,316,66,,Guam,US,13.4443,144.7937,"Guam, US",164229,,,,455,1018,1394,1394,1394,1931,2158,2158,2158,2158,2158,2158,2158,3439,4241,4241,4241,4241,4241,4241,5179,5448,5448,5448,5448,10014,11314,11406,12637,13285,13913,13913,13913,14477,15460,16634,17620,17620,17620,19917,20900,22049,23588,25248,26846,28183,28183,28427,29504,31882,32586,33623,35337,35395,35816,36874,38296,39203,40524,41672,41672,41918,43254,44620,45766,46897,48387,48479,50500,50500,51514,52661,52701,54244,55213,55255,55402,55435,56131,56407,56477,56587,56587,58396,60379,62062,63697,66513,66513,66607,67081,68451,70056,71940,72069,72090,73973,75724,77636,79350,81396,81649,83164,84899,85003,87540,88590,90114,91630,91702,91896,91958,95485,99042,99244,100199,100274,103334,105497,107691,109318,111738,111738,113112,114836,117134,119005,120740,122238,122331,123487,124898,126333,368020,368926,369376,369378,369688,369688,370246,370515,370808,370808,371248,371387,371809,371809,372176
580,MP,MNP,580,69,,Northern Mariana Islands,US,15.0979,145.6739,"Northern Mariana Islands, US",55144,,,,,,,,,,,,,,,,,,,,,,,,,,,,,,,,3100,3100,3100,3100,3100,3100,6372,5970,5970,5970,5970,8558,8796,9023,9249,9544,9544,9544,10144,10402,10644,10953,11319,11332,11697,11920,12267,12533,12533,12971,12971,13394,13754,14518,14745,14745,15527,15527,15527,16425,16748,17072,17074,17816,17819,18121,18577,18886,19232,19580,19921,19921,20309,20398,20702,21040,21370,21649,21649,22134,22134,22595,22923,23256,23698,23700,24203,24886,25196,25642,26010,26433,26450,26987,27736,28114,28557,28935,29446,29446,29446,30204,30696,31168,31634,31654,32229,32894,32894,33329,33791,34303,34720,35338,36062,36160,36551,36864,37240,37552,38005,38337,38485,38913,39293,39728,40089,40425,40842,40842,40842,41640,42045,42348,42758,43058,43058,43382,43601,43854
630,PR,PRI,630,72,,Puerto Rico,US,18.2208,-66.5901,"Puerto Rico, US",3193694,,,,,,,,,,,,,,,,,,,,,,,,,,,,,,,,,,,,,,129530,136630,147795,161528,173242,184173,187617,188681,199762,212179,224303,236060,249394,253439,253439,266671,278321,288024,299694,299694,299694,314047,324368,336959,336959,370837,382721,382721,387180,392136,408058,448755,463527,476475,480439,480439,495114,510041,536377,538085,549615,554664,554694,568025,595224,596130,611567,633344,635352,635352,674636,675568,698082,748875,748875,748982,764943,788188,814157,839948,863265,886400,896153,902839,920753,952499,981193,1015714,1044040,1055993,1062627,1088065,1114680,1148177,1167735,1171342,1178233,1182856,1205841,1243126,1276169,1311597,1348411,1365025,1391068,1468663,1502691,1530532,1561390,1575468,1621195,1653796,1682008,1739329,1761080,1769859,1774950,1803447,1830184,1885472,1918526,1946968,1958729,1968716,1968716,2016396,2051985,2096163,2137177,2174111,2195731,2204479,2233876,2265054
850,VI,VIR,850,78,,Virgin Islands,US,18.3358,-64.8963,"Virgin Islands, US",107268,,,,,,,,,,260,260,260,260,260,260,260,260,260,260,260,260,1200,1200,1200,1200,1200,1200,1200,1200,1200,1200,1200,1200,1200,1200,1200,1200,2135,2418,2744,3070,3355,3378,3399,3747,4174,4620,5256,5967,6008,6116,6709,7387,8212,8884,9466,9477,9529,10064,10718,11168,11691,12182,12288,12288,12418,13162,13648,14851,15826,16123,16893,16893,17447,17778,18684,19118,19369,19470,19736,20149,21615,22365,23014,23053,23752,23752,24615,25361,26202,27210,27210,27261,28115,29233,30128,31142,32072,32170,32191,33239,34472,35728,36668,37770,38221,38261,39516,40979,42298,43323,43825,43826,43826,44979,46399,49329,50238,50432,50551,51733,52972,54127,55048,56128,56290,56324,57205,58041,58550,59058,59447,59582,59602,60203,60939,61600,62302,62864,62987,63009,63009,63661,64680,65068,65502,65561,65578,65936,66360,66703
,,,,,,Department of Defense,US,,,,,,,,,,,,,,,,,,,,,,,,,,,,,,,,,,,,,,,,,,254778,256867,274473,292490,311567,336450,346180,346180,366010,389927,415720,449958,481172,485125,490377,508965,530849,559379,588731,621487,632927,637359,657414,679431,701736,726338,751746,751746,754935,759117,791494,810065,830843,854728,865896,868322,887011,907189,928797,957910,992748,995054,996120,1017839,1039783,1065268,1094565,1141841,1320734,1320734,1343861,1374234,1403967,1439663,1439663,1495339,1506702,1531345,1562724,1593498,1630049,1673652,1679133,1682536,1694545,1712296,1785851,1827620,1873990,1886141,1895711,1926592,1960861,1993503,2037354,2082199,2093049,2100674,2127971,2202664,2251636,2309348,2327881,2343681,2378801,2419476,2453989,2498249,2547655,2575228,2585082,2613336,2645560,2678875,2723895,2772590,2783540,2797199,2822206,2854656,2886464,2897256,2938555,2973031,2973031,3017697,3047154,3077035,3111927,3150155,3164758,3175637,3196815,3223436
,,,,,,Federal Bureau of Prisons,US,,,,,,,,,,,,,,,,,,,,,,,,,,,,,,,,,,,,,,,,,,,,,,,,,,,,,,,,,,,,,,,,,,,,,,,,,,,,,,,,,,60283,60283,61002,62745,66375,70129,71759,72174,72539,72539,73254,76224,78795,80683,80683,80683,81035,81950,84200,86342,88006,88862,89052,89232,90341,95200,98916,101156,101784,101786,101891,102091,107497,110979,111766,112202,112202,112317,113400,123092,125929,126905,126933,127070,128487,128630,131681,132981,133323,133323,133391,134268,137525,139857,141939,142526,142526,142546,143515,148122,151186,153586,154081,154081,154081,154951,158313,161200,161237,163752,163752,163788,164243,166164
,,,,,,Indian Health Services,US,,,,,,,,,,,,,,,,,,,,,,,,,,,,,,,,,,,,,,,,,,104140,108975,117297,123534,143678,153784,155529,158282,165764,180226,191109,194962,209747,210664,214183,224095,238594,244323,276062,282039,291338,297375,306717,325336,346969,362802,378614,378614,385284,390833,401516,407039,412073,426034,441876,455371,468627,488731,516471,537180,553652,569259,577710,588253,603339,620761,642492,665997,669504,669504,684185,697130,715356,746005,746005,757075,768056,781325,799030,814515,827880,845754,857036,860107,876022,886247,903716,919115,940544,945805,948459,964050,980337,995251,1008639,1025958,1027727,1031205,1042543,1069111,1082899,1091286,1094904,1099623,1111526,1124678,1137200,1150362,1160071,1161408,1164071,1174252,1183392,1195580,1205018,1214809,1216928,1219247,1228892,1237506,1244362,1254978,1261940,1262431,1262431,1267980,1276492,1281706,1287333,1291824,1292488,1294297,1296945,1303786
,,,,,,Long Term Care (LTC) Program,US,,,,,,,,,,,,,,,,,,,,,,,,,,,,,,,,,,,,,,,,,,,,,,,,,,,,,,,,,,,,,,,,,,,,,,,,,,,,,,6724310,6817460,6933071,7043540,7112537,7154531,7178616,7218655,7262104,7306425,7349495,7405816,7405816,7419240,7445798,7473597,7499822,7547477,7547477,7559194,7569120,7585936,7614153,7630706,7648211,7662913,7671197,7675790,7683903,7690646,7699428,7707857,7715923,7718036,7719964,7726500,7731353,7735342,7738792,7742126,7743373,7748620,7751004,7759386,7764006,7766002,7766645,7767308,7770764,7771899,7775182,7777177,7779273,7780750,7780967,7782215,7783990,7786204,7789075,7791490,7791592,7791725,7792814,7795261,7797395,7799933,7801659,7802513,7802513,7804017,7805656,7808441,7811741,7813633,7814408,7815028,7815829,7817918
,,,,,,Veterans Health Administration,US,,,,,,,,,,,,,,,,,,,,,,,,,,,,,,,,,,,,,,,,,,416209,432569,527258,579663,623590,664245,702779,703351,746109,792348,841497,888305,932278,963346,973371,1013974,1026173,1078011,1130808,1220300,1258957,1268553,1322833,1377358,1439337,1502661,1600830,1600830,1692702,1720294,1773677,1815046,1862965,1911289,1957142,2002806,2035752,2077586,2118065,2238548,2303674,2356446,2372611,2420189,2476015,2535768,2597371,2708426,2718748,2718748,2775356,2844311,2917334,3065999,3065999,3146184,3160693,3211090,3272006,3333181,3391329,3450713,3502931,3512264,3558131,3614889,3673631,3735856,3798767,3854450,3861303,3910012,3965897,4020905,4077400,4131688,4158970,4182635,4226738,4294334,4357680,4407399,4452371,4457229,4497264,4536437,4573935,4612436,4650943,4678031,4681572,4709800,4742356,4772324,4803238,4833311,4848937,4849986,4873197,4899268,4922347,4946648,4969411,4978099,4978099,4995001,5014775,5032926,5051057,5067852,5074495,5074735,5088963,5104480
