<metadata xml:lang="en"><Esri><CreaDate>20201009</CreaDate><CreaTime>09401200</CreaTime><ArcGISFormat>1.0</ArcGISFormat><SyncOnce>FALSE</SyncOnce><DataProperties><itemProps><itemName Sync="TRUE">USCounties_JHUmap</itemName><imsContentType Sync="TRUE">002</imsContentType><itemLocation><linkage Sync="TRUE">file://\\JTURCO7530\C$\Users\just6837\OneDrive - Esri\Data\Tech Lead\JHU\JHUProProject\USCounties_JHUmap.shp</linkage><protocol Sync="TRUE">Local Area Network</protocol></itemLocation><itemSize Sync="TRUE">0.000</itemSize></itemProps><coordRef><type Sync="TRUE">Projected</type><geogcsn Sync="TRUE">GCS_WGS_1984</geogcsn><csUnits Sync="TRUE">Linear Unit: Meter (1.000000)</csUnits><projcsn Sync="TRUE">WGS_1984_Web_Mercator_Auxiliary_Sphere</projcsn><peXml Sync="TRUE">&lt;ProjectedCoordinateSystem xsi:type='typens:ProjectedCoordinateSystem' xmlns:xsi='http://www.w3.org/2001/XMLSchema-instance' xmlns:xs='http://www.w3.org/2001/XMLSchema' xmlns:typens='http://www.esri.com/schemas/ArcGIS/2.5.0'&gt;&lt;WKT&gt;PROJCS[&amp;quot;WGS_1984_Web_Mercator_Auxiliary_Sphere&amp;quot;,GEOGCS[&amp;quot;GCS_WGS_1984&amp;quot;,DATUM[&amp;quot;D_WGS_1984&amp;quot;,SPHEROID[&amp;quot;WGS_1984&amp;quot;,6378137.0,298.257223563]],PRIMEM[&amp;quot;Greenwich&amp;quot;,0.0],UNIT[&amp;quot;Degree&amp;quot;,0.0174532925199433]],PROJECTION[&amp;quot;Mercator_Auxiliary_Sphere&amp;quot;],PARAMETER[&amp;quot;False_Easting&amp;quot;,0.0],PARAMETER[&amp;quot;False_Northing&amp;quot;,0.0],PARAMETER[&amp;quot;Central_Meridian&amp;quot;,0.0],PARAMETER[&amp;quot;Standard_Parallel_1&amp;quot;,0.0],PARAMETER[&amp;quot;Auxiliary_Sphere_Type&amp;quot;,0.0],UNIT[&amp;quot;Meter&amp;quot;,1.0],AUTHORITY[&amp;quot;EPSG&amp;quot;,3857]]&lt;/WKT&gt;&lt;XOrigin&gt;-20037700&lt;/XOrigin&gt;&lt;YOrigin&gt;-30241100&lt;/YOrigin&gt;&lt;XYScale&gt;148923141.92838538&lt;/XYScale&gt;&lt;ZOrigin&gt;-100000&lt;/ZOrigin&gt;&lt;ZScale&gt;10000&lt;/ZScale&gt;&lt;MOrigin&gt;-100000&lt;/MOrigin&gt;&lt;MScale&gt;10000&lt;/MScale&gt;&lt;XYTolerance&gt;0.001&lt;/XYTolerance&gt;&lt;ZTolerance&gt;0.001&lt;/ZTolerance&gt;&lt;MTolerance&gt;0.001&lt;/MTolerance&gt;&lt;HighPrecision&gt;true&lt;/HighPrecision&gt;&lt;WKID&gt;102100&lt;/WKID&gt;&lt;LatestWKID&gt;3857&lt;/LatestWKID&gt;&lt;/ProjectedCoordinateSystem&gt;</peXml></coordRef><lineage><Process ToolSource="c:\program files\arcgis\pro\Resources\ArcToolbox\toolboxes\Conversion Tools.tbx\FeatureClassToFeatureClass" Date="20201009" Time="094013">FeatureClassToFeatureClass USCounties_cases C:\Users\cod10529\Documents\ArcGIS\Projects\MyProject3\MyProject3.gdb USCounties_CasesCopy # "Countyname "Countyname" true true false 80 Text 0 0,First,#,USCounties_cases,Countyname,0,80;ST_Name "ST_Name" true true false 80 Text 0 0,First,#,USCounties_cases,ST_Name,0,80;ST_Abbr "ST_Abbr" true true false 80 Text 0 0,First,#,USCounties_cases,ST_Abbr,0,80;ST_ID "ST_ID" true true false 80 Text 0 0,First,#,USCounties_cases,ST_ID,0,80;FIPS "FIPS" true true false 80 Text 0 0,First,#,USCounties_cases,FIPS,0,80;FatalityRa "FatalityRa" true true false 19 Double 0 0,First,#,USCounties_cases,FatalityRa,-1,-1;Confirmedb "Confirmedb" true true false 19 Double 0 0,First,#,USCounties_cases,Confirmedb,-1,-1;DeathsbyPo "DeathsbyPo" true true false 19 Double 0 0,First,#,USCounties_cases,DeathsbyPo,-1,-1;PCTPOVALL_ "PCTPOVALL_" true true false 19 Double 0 0,First,#,USCounties_cases,PCTPOVALL_,-1,-1;Unemployme "Unemployme" true true false 19 Double 0 0,First,#,USCounties_cases,Unemployme,-1,-1;Med_HH_Inc "Med_HH_Inc" true true false 19 Double 0 0,First,#,USCounties_cases,Med_HH_Inc,-1,-1;State_Fata "State_Fata" true true false 19 Double 0 0,First,#,USCounties_cases,State_Fata,-1,-1;DateChecke "DateChecke" true true false 80 Text 0 0,First,#,USCounties_cases,DateChecke,0,80;EM_type "EM_type" true true false 80 Text 0 0,First,#,USCounties_cases,EM_type,0,80;EM_date "EM_date" true true false 80 Text 0 0,First,#,USCounties_cases,EM_date,0,80;EM_notes "EM_notes" true true false 254 Text 0 0,First,#,USCounties_cases,EM_notes,0,254;url "url" true true false 80 Text 0 0,First,#,USCounties_cases,url,0,80;Thumbnail "Thumbnail" true true false 80 Text 0 0,First,#,USCounties_cases,Thumbnail,0,80;Confirmed "Confirmed" true true false 10 Long 0 10,First,#,USCounties_cases,Confirmed,-1,-1;Deaths "Deaths" true true false 10 Long 0 10,First,#,USCounties_cases,Deaths,-1,-1;Age_85 "Age_85" true true false 10 Long 0 10,First,#,USCounties_cases,Age_85,-1,-1;Age_80_84 "Age_80_84" true true false 10 Long 0 10,First,#,USCounties_cases,Age_80_84,-1,-1;Age_75_79 "Age_75_79" true true false 10 Long 0 10,First,#,USCounties_cases,Age_75_79,-1,-1;Age_70_74 "Age_70_74" true true false 10 Long 0 10,First,#,USCounties_cases,Age_70_74,-1,-1;Age_65_69 "Age_65_69" true true false 10 Long 0 10,First,#,USCounties_cases,Age_65_69,-1,-1;Beds_Licen "Beds_Licen" true true false 10 Long 0 10,First,#,USCounties_cases,Beds_Licen,-1,-1;Beds_Staff "Beds_Staff" true true false 10 Long 0 10,First,#,USCounties_cases,Beds_Staff,-1,-1;Beds_ICU "Beds_ICU" true true false 10 Long 0 10,First,#,USCounties_cases,Beds_ICU,-1,-1;Ventilator "Ventilator" true true false 10 Long 0 10,First,#,USCounties_cases,Ventilator,-1,-1;POP_ESTIMA "POP_ESTIMA" true true false 10 Long 0 10,First,#,USCounties_cases,POP_ESTIMA,-1,-1;POVALL_201 "POVALL_201" true true false 10 Long 0 10,First,#,USCounties_cases,POVALL_201,-1,-1;Unemployed "Unemployed" true true false 10 Long 0 10,First,#,USCounties_cases,Unemployed,-1,-1;Median_Hou "Median_Hou" true true false 10 Long 0 10,First,#,USCounties_cases,Median_Hou,-1,-1;Recovered "Recovered" true true false 10 Long 0 10,First,#,USCounties_cases,Recovered,-1,-1;Active "Active" true true false 10 Long 0 10,First,#,USCounties_cases,Active,-1,-1;State_Conf "State_Conf" true true false 10 Long 0 10,First,#,USCounties_cases,State_Conf,-1,-1;State_Deat "State_Deat" true true false 10 Long 0 10,First,#,USCounties_cases,State_Deat,-1,-1;State_Reco "State_Reco" true true false 10 Long 0 10,First,#,USCounties_cases,State_Reco,-1,-1;State_Test "State_Test" true true false 10 Long 0 10,First,#,USCounties_cases,State_Test,-1,-1;AgedPop "AgedPop" true true false 10 Long 0 10,First,#,USCounties_cases,AgedPop,-1,-1;NewCases "NewCases" true true false 10 Long 0 10,First,#,USCounties_cases,NewCases,-1,-1;NewDeaths "NewDeaths" true true false 10 Long 0 10,First,#,USCounties_cases,NewDeaths,-1,-1;TotalPop "TotalPop" true true false 10 Long 0 10,First,#,USCounties_cases,TotalPop,-1,-1;NonHispWhP "NonHispWhP" true true false 10 Long 0 10,First,#,USCounties_cases,NonHispWhP,-1,-1;BlackPop "BlackPop" true true false 10 Long 0 10,First,#,USCounties_cases,BlackPop,-1,-1;AmIndop "AmIndop" true true false 10 Long 0 10,First,#,USCounties_cases,AmIndop,-1,-1;AsianPop "AsianPop" true true false 10 Long 0 10,First,#,USCounties_cases,AsianPop,-1,-1;PacIslPop "PacIslPop" true true false 10 Long 0 10,First,#,USCounties_cases,PacIslPop,-1,-1;OtherPop "OtherPop" true true false 10 Long 0 10,First,#,USCounties_cases,OtherPop,-1,-1;TwoMorPop "TwoMorPop" true true false 10 Long 0 10,First,#,USCounties_cases,TwoMorPop,-1,-1;HispPop "HispPop" true true false 10 Long 0 10,First,#,USCounties_cases,HispPop,-1,-1;PCPopNWh "PCPopNWh" true true false 19 Double 0 0,First,#,USCounties_cases,PCPopNWh,-1,-1;PCPopBk "PCPopBk" true true false 19 Double 0 0,First,#,USCounties_cases,PCPopBk,-1,-1;PCPopAI "PCPopAI" true true false 19 Double 0 0,First,#,USCounties_cases,PCPopAI,-1,-1;PCPopAs "PCPopAs" true true false 19 Double 0 0,First,#,USCounties_cases,PCPopAs,-1,-1;PPCPopPI "PPCPopPI" true true false 19 Double 0 0,First,#,USCounties_cases,PPCPopPI,-1,-1;PCPopOr "PCPopOr" true true false 19 Double 0 0,First,#,USCounties_cases,PCPopOr,-1,-1;PCPopTm "PCPopTm" true true false 19 Double 0 0,First,#,USCounties_cases,PCPopTm,-1,-1;PCPopHL "PCPopHL" true true false 19 Double 0 0,First,#,USCounties_cases,PCPopHL,-1,-1;racePop_to "racePop_to" true true false 10 Long 0 10,First,#,USCounties_cases,racePop_to,-1,-1;Wh_Alone "Wh_Alone" true true false 10 Long 0 10,First,#,USCounties_cases,Wh_Alone,-1,-1;Bk_Alone "Bk_Alone" true true false 10 Long 0 10,First,#,USCounties_cases,Bk_Alone,-1,-1;AI_Alone "AI_Alone" true true false 10 Long 0 10,First,#,USCounties_cases,AI_Alone,-1,-1;As_Alone "As_Alone" true true false 10 Long 0 10,First,#,USCounties_cases,As_Alone,-1,-1;NH_Alone "NH_Alone" true true false 10 Long 0 10,First,#,USCounties_cases,NH_Alone,-1,-1;SO_Alone "SO_Alone" true true false 10 Long 0 10,First,#,USCounties_cases,SO_Alone,-1,-1;Two_More "Two_More" true true false 10 Long 0 10,First,#,USCounties_cases,Two_More,-1,-1;Not_Hisp "Not_Hisp" true true false 10 Long 0 10,First,#,USCounties_cases,Not_Hisp,-1,-1;Age_Less15 "Age_Less15" true true false 10 Long 0 10,First,#,USCounties_cases,Age_Less15,-1,-1;Age_15_24 "Age_15_24" true true false 10 Long 0 10,First,#,USCounties_cases,Age_15_24,-1,-1;Age_25_34 "Age_25_34" true true false 10 Long 0 10,First,#,USCounties_cases,Age_25_34,-1,-1;Age_Over75 "Age_Over75" true true false 10 Long 0 10,First,#,USCounties_cases,Age_Over75,-1,-1;Agetotal "Agetotal" true true false 10 Long 0 10,First,#,USCounties_cases,Agetotal,-1,-1;NonHisp "NonHisp" true true false 10 Long 0 10,First,#,USCounties_cases,NonHisp,-1,-1;Age_35_64 "Age_35_64" true true false 10 Long 0 10,First,#,USCounties_cases,Age_35_64,-1,-1;Age_65_74 "Age_65_74" true true false 10 Long 0 10,First,#,USCounties_cases,Age_65_74,-1,-1;Day_1 "Day_1" true true false 10 Long 0 10,First,#,USCounties_cases,Day_1,-1,-1;Day_2 "Day_2" true true false 10 Long 0 10,First,#,USCounties_cases,Day_2,-1,-1;Day_3 "Day_3" true true false 10 Long 0 10,First,#,USCounties_cases,Day_3,-1,-1;Day_4 "Day_4" true true false 10 Long 0 10,First,#,USCounties_cases,Day_4,-1,-1;Day_5 "Day_5" true true false 10 Long 0 10,First,#,USCounties_cases,Day_5,-1,-1;Day_6 "Day_6" true true false 10 Long 0 10,First,#,USCounties_cases,Day_6,-1,-1;Day_7 "Day_7" true true false 10 Long 0 10,First,#,USCounties_cases,Day_7,-1,-1;Day_8 "Day_8" true true false 10 Long 0 10,First,#,USCounties_cases,Day_8,-1,-1;Day_9 "Day_9" true true false 10 Long 0 10,First,#,USCounties_cases,Day_9,-1,-1;Day_10 "Day_10" true true false 10 Long 0 10,First,#,USCounties_cases,Day_10,-1,-1;Day_11 "Day_11" true true false 10 Long 0 10,First,#,USCounties_cases,Day_11,-1,-1;Day_12 "Day_12" true true false 10 Long 0 10,First,#,USCounties_cases,Day_12,-1,-1;Day_13 "Day_13" true true false 10 Long 0 10,First,#,USCounties_cases,Day_13,-1,-1;Day_14 "Day_14" true true false 10 Long 0 10,First,#,USCounties_cases,Day_14,-1,-1;NewCasebyP "NewCasebyP" true true false 19 Double 0 0,First,#,USCounties_cases,NewCasebyP,-1,-1" #</Process><Process ToolSource="c:\program files\arcgis\pro\Resources\ArcToolbox\toolboxes\Data Management Tools.tbx\Rename" Date="20201009" Time="122924">Rename C:\Users\cod10529\Documents\ArcGIS\Projects\MyProject3\MyProject3.gdb\USCounties_CasesCopy C:\Users\cod10529\Documents\ArcGIS\Projects\MyProject3\MyProject3.gdb\USCounties_Cases_PRgeo FeatureClass</Process><Process ToolSource="c:\program files\arcgis\pro\Resources\ArcToolbox\Toolboxes\Data Management Tools.tbx\Rename" Date="20201013" Time="135307">Rename "C:\Users\just6837\OneDrive - Esri\Data\Tech Lead\JHU\JHUProProject\MyProject3\MyProject3.gdb\USCounties_Cases_PRgeo" "C:\Users\just6837\OneDrive - Esri\Data\Tech Lead\JHU\JHUProProject\MyProject3\MyProject3.gdb\USCounties_JHUmap" FeatureClass</Process><Process ToolSource="c:\program files\arcgis\pro\Resources\ArcToolbox\toolboxes\Conversion Tools.tbx\FeatureClassToFeatureClass" Date="20201013" Time="135346">FeatureClassToFeatureClass "C:\Users\just6837\OneDrive - Esri\Data\Tech Lead\JHU\JHUProProject\MyProject3\MyProject3.gdb\USCounties_JHUmap" "C:\Users\just6837\OneDrive - Esri\Data\Tech Lead\JHU\JHUProProject" USCounties_JHUmap.shp # "Countyname "Countyname" true true false 80 Text 0 0,First,#,C:\Users\just6837\OneDrive - Esri\Data\Tech Lead\JHU\JHUProProject\MyProject3\MyProject3.gdb\USCounties_JHUmap,Countyname,0,80;ST_Name "ST_Name" true true false 80 Text 0 0,First,#,C:\Users\just6837\OneDrive - Esri\Data\Tech Lead\JHU\JHUProProject\MyProject3\MyProject3.gdb\USCounties_JHUmap,ST_Name,0,80;ST_Abbr "ST_Abbr" true true false 80 Text 0 0,First,#,C:\Users\just6837\OneDrive - Esri\Data\Tech Lead\JHU\JHUProProject\MyProject3\MyProject3.gdb\USCounties_JHUmap,ST_Abbr,0,80;ST_ID "ST_ID" true true false 80 Text 0 0,First,#,C:\Users\just6837\OneDrive - Esri\Data\Tech Lead\JHU\JHUProProject\MyProject3\MyProject3.gdb\USCounties_JHUmap,ST_ID,0,80;FIPS "FIPS" true true false 80 Text 0 0,First,#,C:\Users\just6837\OneDrive - Esri\Data\Tech Lead\JHU\JHUProProject\MyProject3\MyProject3.gdb\USCounties_JHUmap,FIPS,0,80;FatalityRa "FatalityRa" true true false 8 Double 0 0,First,#,C:\Users\just6837\OneDrive - Esri\Data\Tech Lead\JHU\JHUProProject\MyProject3\MyProject3.gdb\USCounties_JHUmap,FatalityRa,-1,-1;Confirmedb "Confirmedb" true true false 8 Double 0 0,First,#,C:\Users\just6837\OneDrive - Esri\Data\Tech Lead\JHU\JHUProProject\MyProject3\MyProject3.gdb\USCounties_JHUmap,Confirmedb,-1,-1;DeathsbyPo "DeathsbyPo" true true false 8 Double 0 0,First,#,C:\Users\just6837\OneDrive - Esri\Data\Tech Lead\JHU\JHUProProject\MyProject3\MyProject3.gdb\USCounties_JHUmap,DeathsbyPo,-1,-1;PCTPOVALL_ "PCTPOVALL_" true true false 8 Double 0 0,First,#,C:\Users\just6837\OneDrive - Esri\Data\Tech Lead\JHU\JHUProProject\MyProject3\MyProject3.gdb\USCounties_JHUmap,PCTPOVALL_,-1,-1;Unemployme "Unemployme" true true false 8 Double 0 0,First,#,C:\Users\just6837\OneDrive - Esri\Data\Tech Lead\JHU\JHUProProject\MyProject3\MyProject3.gdb\USCounties_JHUmap,Unemployme,-1,-1;Med_HH_Inc "Med_HH_Inc" true true false 8 Double 0 0,First,#,C:\Users\just6837\OneDrive - Esri\Data\Tech Lead\JHU\JHUProProject\MyProject3\MyProject3.gdb\USCounties_JHUmap,Med_HH_Inc,-1,-1;State_Fata "State_Fata" true true false 8 Double 0 0,First,#,C:\Users\just6837\OneDrive - Esri\Data\Tech Lead\JHU\JHUProProject\MyProject3\MyProject3.gdb\USCounties_JHUmap,State_Fata,-1,-1;DateChecke "DateChecke" true true false 80 Text 0 0,First,#,C:\Users\just6837\OneDrive - Esri\Data\Tech Lead\JHU\JHUProProject\MyProject3\MyProject3.gdb\USCounties_JHUmap,DateChecke,0,80;EM_type "EM_type" true true false 80 Text 0 0,First,#,C:\Users\just6837\OneDrive - Esri\Data\Tech Lead\JHU\JHUProProject\MyProject3\MyProject3.gdb\USCounties_JHUmap,EM_type,0,80;EM_date "EM_date" true true false 80 Text 0 0,First,#,C:\Users\just6837\OneDrive - Esri\Data\Tech Lead\JHU\JHUProProject\MyProject3\MyProject3.gdb\USCounties_JHUmap,EM_date,0,80;EM_notes "EM_notes" true true false 254 Text 0 0,First,#,C:\Users\just6837\OneDrive - Esri\Data\Tech Lead\JHU\JHUProProject\MyProject3\MyProject3.gdb\USCounties_JHUmap,EM_notes,0,254;url "url" true true false 80 Text 0 0,First,#,C:\Users\just6837\OneDrive - Esri\Data\Tech Lead\JHU\JHUProProject\MyProject3\MyProject3.gdb\USCounties_JHUmap,url,0,80;Thumbnail "Thumbnail" true true false 80 Text 0 0,First,#,C:\Users\just6837\OneDrive - Esri\Data\Tech Lead\JHU\JHUProProject\MyProject3\MyProject3.gdb\USCounties_JHUmap,Thumbnail,0,80;Confirmed "Confirmed" true true false 4 Long 0 0,First,#,C:\Users\just6837\OneDrive - Esri\Data\Tech Lead\JHU\JHUProProject\MyProject3\MyProject3.gdb\USCounties_JHUmap,Confirmed,-1,-1;Deaths "Deaths" true true false 4 Long 0 0,First,#,C:\Users\just6837\OneDrive - Esri\Data\Tech Lead\JHU\JHUProProject\MyProject3\MyProject3.gdb\USCounties_JHUmap,Deaths,-1,-1;Age_85 "Age_85" true true false 4 Long 0 0,First,#,C:\Users\just6837\OneDrive - Esri\Data\Tech Lead\JHU\JHUProProject\MyProject3\MyProject3.gdb\USCounties_JHUmap,Age_85,-1,-1;Age_80_84 "Age_80_84" true true false 4 Long 0 0,First,#,C:\Users\just6837\OneDrive - Esri\Data\Tech Lead\JHU\JHUProProject\MyProject3\MyProject3.gdb\USCounties_JHUmap,Age_80_84,-1,-1;Age_75_79 "Age_75_79" true true false 4 Long 0 0,First,#,C:\Users\just6837\OneDrive - Esri\Data\Tech Lead\JHU\JHUProProject\MyProject3\MyProject3.gdb\USCounties_JHUmap,Age_75_79,-1,-1;Age_70_74 "Age_70_74" true true false 4 Long 0 0,First,#,C:\Users\just6837\OneDrive - Esri\Data\Tech Lead\JHU\JHUProProject\MyProject3\MyProject3.gdb\USCounties_JHUmap,Age_70_74,-1,-1;Age_65_69 "Age_65_69" true true false 4 Long 0 0,First,#,C:\Users\just6837\OneDrive - Esri\Data\Tech Lead\JHU\JHUProProject\MyProject3\MyProject3.gdb\USCounties_JHUmap,Age_65_69,-1,-1;Beds_Licen "Beds_Licen" true true false 4 Long 0 0,First,#,C:\Users\just6837\OneDrive - Esri\Data\Tech Lead\JHU\JHUProProject\MyProject3\MyProject3.gdb\USCounties_JHUmap,Beds_Licen,-1,-1;Beds_Staff "Beds_Staff" true true false 4 Long 0 0,First,#,C:\Users\just6837\OneDrive - Esri\Data\Tech Lead\JHU\JHUProProject\MyProject3\MyProject3.gdb\USCounties_JHUmap,Beds_Staff,-1,-1;Beds_ICU "Beds_ICU" true true false 4 Long 0 0,First,#,C:\Users\just6837\OneDrive - Esri\Data\Tech Lead\JHU\JHUProProject\MyProject3\MyProject3.gdb\USCounties_JHUmap,Beds_ICU,-1,-1;Ventilator "Ventilator" true true false 4 Long 0 0,First,#,C:\Users\just6837\OneDrive - Esri\Data\Tech Lead\JHU\JHUProProject\MyProject3\MyProject3.gdb\USCounties_JHUmap,Ventilator,-1,-1;POP_ESTIMA "POP_ESTIMA" true true false 4 Long 0 0,First,#,C:\Users\just6837\OneDrive - Esri\Data\Tech Lead\JHU\JHUProProject\MyProject3\MyProject3.gdb\USCounties_JHUmap,POP_ESTIMA,-1,-1;POVALL_201 "POVALL_201" true true false 4 Long 0 0,First,#,C:\Users\just6837\OneDrive - Esri\Data\Tech Lead\JHU\JHUProProject\MyProject3\MyProject3.gdb\USCounties_JHUmap,POVALL_201,-1,-1;Unemployed "Unemployed" true true false 4 Long 0 0,First,#,C:\Users\just6837\OneDrive - Esri\Data\Tech Lead\JHU\JHUProProject\MyProject3\MyProject3.gdb\USCounties_JHUmap,Unemployed,-1,-1;Median_Hou "Median_Hou" true true false 4 Long 0 0,First,#,C:\Users\just6837\OneDrive - Esri\Data\Tech Lead\JHU\JHUProProject\MyProject3\MyProject3.gdb\USCounties_JHUmap,Median_Hou,-1,-1;Recovered "Recovered" true true false 4 Long 0 0,First,#,C:\Users\just6837\OneDrive - Esri\Data\Tech Lead\JHU\JHUProProject\MyProject3\MyProject3.gdb\USCounties_JHUmap,Recovered,-1,-1;Active "Active" true true false 4 Long 0 0,First,#,C:\Users\just6837\OneDrive - Esri\Data\Tech Lead\JHU\JHUProProject\MyProject3\MyProject3.gdb\USCounties_JHUmap,Active,-1,-1;State_Conf "State_Conf" true true false 4 Long 0 0,First,#,C:\Users\just6837\OneDrive - Esri\Data\Tech Lead\JHU\JHUProProject\MyProject3\MyProject3.gdb\USCounties_JHUmap,State_Conf,-1,-1;State_Deat "State_Deat" true true false 4 Long 0 0,First,#,C:\Users\just6837\OneDrive - Esri\Data\Tech Lead\JHU\JHUProProject\MyProject3\MyProject3.gdb\USCounties_JHUmap,State_Deat,-1,-1;State_Reco "State_Reco" true true false 4 Long 0 0,First,#,C:\Users\just6837\OneDrive - Esri\Data\Tech Lead\JHU\JHUProProject\MyProject3\MyProject3.gdb\USCounties_JHUmap,State_Reco,-1,-1;State_Test "State_Test" true true false 4 Long 0 0,First,#,C:\Users\just6837\OneDrive - Esri\Data\Tech Lead\JHU\JHUProProject\MyProject3\MyProject3.gdb\USCounties_JHUmap,State_Test,-1,-1;AgedPop "AgedPop" true true false 4 Long 0 0,First,#,C:\Users\just6837\OneDrive - Esri\Data\Tech Lead\JHU\JHUProProject\MyProject3\MyProject3.gdb\USCounties_JHUmap,AgedPop,-1,-1;NewCases "NewCases" true true false 4 Long 0 0,First,#,C:\Users\just6837\OneDrive - Esri\Data\Tech Lead\JHU\JHUProProject\MyProject3\MyProject3.gdb\USCounties_JHUmap,NewCases,-1,-1;NewDeaths "NewDeaths" true true false 4 Long 0 0,First,#,C:\Users\just6837\OneDrive - Esri\Data\Tech Lead\JHU\JHUProProject\MyProject3\MyProject3.gdb\USCounties_JHUmap,NewDeaths,-1,-1;TotalPop "TotalPop" true true false 4 Long 0 0,First,#,C:\Users\just6837\OneDrive - Esri\Data\Tech Lead\JHU\JHUProProject\MyProject3\MyProject3.gdb\USCounties_JHUmap,TotalPop,-1,-1;NonHispWhP "NonHispWhP" true true false 4 Long 0 0,First,#,C:\Users\just6837\OneDrive - Esri\Data\Tech Lead\JHU\JHUProProject\MyProject3\MyProject3.gdb\USCounties_JHUmap,NonHispWhP,-1,-1;BlackPop "BlackPop" true true false 4 Long 0 0,First,#,C:\Users\just6837\OneDrive - Esri\Data\Tech Lead\JHU\JHUProProject\MyProject3\MyProject3.gdb\USCounties_JHUmap,BlackPop,-1,-1;AmIndop "AmIndop" true true false 4 Long 0 0,First,#,C:\Users\just6837\OneDrive - Esri\Data\Tech Lead\JHU\JHUProProject\MyProject3\MyProject3.gdb\USCounties_JHUmap,AmIndop,-1,-1;AsianPop "AsianPop" true true false 4 Long 0 0,First,#,C:\Users\just6837\OneDrive - Esri\Data\Tech Lead\JHU\JHUProProject\MyProject3\MyProject3.gdb\USCounties_JHUmap,AsianPop,-1,-1;PacIslPop "PacIslPop" true true false 4 Long 0 0,First,#,C:\Users\just6837\OneDrive - Esri\Data\Tech Lead\JHU\JHUProProject\MyProject3\MyProject3.gdb\USCounties_JHUmap,PacIslPop,-1,-1;OtherPop "OtherPop" true true false 4 Long 0 0,First,#,C:\Users\just6837\OneDrive - Esri\Data\Tech Lead\JHU\JHUProProject\MyProject3\MyProject3.gdb\USCounties_JHUmap,OtherPop,-1,-1;TwoMorPop "TwoMorPop" true true false 4 Long 0 0,First,#,C:\Users\just6837\OneDrive - Esri\Data\Tech Lead\JHU\JHUProProject\MyProject3\MyProject3.gdb\USCounties_JHUmap,TwoMorPop,-1,-1;HispPop "HispPop" true true false 4 Long 0 0,First,#,C:\Users\just6837\OneDrive - Esri\Data\Tech Lead\JHU\JHUProProject\MyProject3\MyProject3.gdb\USCounties_JHUmap,HispPop,-1,-1;PCPopNWh "PCPopNWh" true true false 8 Double 0 0,First,#,C:\Users\just6837\OneDrive - Esri\Data\Tech Lead\JHU\JHUProProject\MyProject3\MyProject3.gdb\USCounties_JHUmap,PCPopNWh,-1,-1;PCPopBk "PCPopBk" true true false 8 Double 0 0,First,#,C:\Users\just6837\OneDrive - Esri\Data\Tech Lead\JHU\JHUProProject\MyProject3\MyProject3.gdb\USCounties_JHUmap,PCPopBk,-1,-1;PCPopAI "PCPopAI" true true false 8 Double 0 0,First,#,C:\Users\just6837\OneDrive - Esri\Data\Tech Lead\JHU\JHUProProject\MyProject3\MyProject3.gdb\USCounties_JHUmap,PCPopAI,-1,-1;PCPopAs "PCPopAs" true true false 8 Double 0 0,First,#,C:\Users\just6837\OneDrive - Esri\Data\Tech Lead\JHU\JHUProProject\MyProject3\MyProject3.gdb\USCounties_JHUmap,PCPopAs,-1,-1;PPCPopPI "PPCPopPI" true true false 8 Double 0 0,First,#,C:\Users\just6837\OneDrive - Esri\Data\Tech Lead\JHU\JHUProProject\MyProject3\MyProject3.gdb\USCounties_JHUmap,PPCPopPI,-1,-1;PCPopOr "PCPopOr" true true false 8 Double 0 0,First,#,C:\Users\just6837\OneDrive - Esri\Data\Tech Lead\JHU\JHUProProject\MyProject3\MyProject3.gdb\USCounties_JHUmap,PCPopOr,-1,-1;PCPopTm "PCPopTm" true true false 8 Double 0 0,First,#,C:\Users\just6837\OneDrive - Esri\Data\Tech Lead\JHU\JHUProProject\MyProject3\MyProject3.gdb\USCounties_JHUmap,PCPopTm,-1,-1;PCPopHL "PCPopHL" true true false 8 Double 0 0,First,#,C:\Users\just6837\OneDrive - Esri\Data\Tech Lead\JHU\JHUProProject\MyProject3\MyProject3.gdb\USCounties_JHUmap,PCPopHL,-1,-1;racePop_to "racePop_to" true true false 4 Long 0 0,First,#,C:\Users\just6837\OneDrive - Esri\Data\Tech Lead\JHU\JHUProProject\MyProject3\MyProject3.gdb\USCounties_JHUmap,racePop_to,-1,-1;Wh_Alone "Wh_Alone" true true false 4 Long 0 0,First,#,C:\Users\just6837\OneDrive - Esri\Data\Tech Lead\JHU\JHUProProject\MyProject3\MyProject3.gdb\USCounties_JHUmap,Wh_Alone,-1,-1;Bk_Alone "Bk_Alone" true true false 4 Long 0 0,First,#,C:\Users\just6837\OneDrive - Esri\Data\Tech Lead\JHU\JHUProProject\MyProject3\MyProject3.gdb\USCounties_JHUmap,Bk_Alone,-1,-1;AI_Alone "AI_Alone" true true false 4 Long 0 0,First,#,C:\Users\just6837\OneDrive - Esri\Data\Tech Lead\JHU\JHUProProject\MyProject3\MyProject3.gdb\USCounties_JHUmap,AI_Alone,-1,-1;As_Alone "As_Alone" true true false 4 Long 0 0,First,#,C:\Users\just6837\OneDrive - Esri\Data\Tech Lead\JHU\JHUProProject\MyProject3\MyProject3.gdb\USCounties_JHUmap,As_Alone,-1,-1;NH_Alone "NH_Alone" true true false 4 Long 0 0,First,#,C:\Users\just6837\OneDrive - Esri\Data\Tech Lead\JHU\JHUProProject\MyProject3\MyProject3.gdb\USCounties_JHUmap,NH_Alone,-1,-1;SO_Alone "SO_Alone" true true false 4 Long 0 0,First,#,C:\Users\just6837\OneDrive - Esri\Data\Tech Lead\JHU\JHUProProject\MyProject3\MyProject3.gdb\USCounties_JHUmap,SO_Alone,-1,-1;Two_More "Two_More" true true false 4 Long 0 0,First,#,C:\Users\just6837\OneDrive - Esri\Data\Tech Lead\JHU\JHUProProject\MyProject3\MyProject3.gdb\USCounties_JHUmap,Two_More,-1,-1;Not_Hisp "Not_Hisp" true true false 4 Long 0 0,First,#,C:\Users\just6837\OneDrive - Esri\Data\Tech Lead\JHU\JHUProProject\MyProject3\MyProject3.gdb\USCounties_JHUmap,Not_Hisp,-1,-1;Age_Less15 "Age_Less15" true true false 4 Long 0 0,First,#,C:\Users\just6837\OneDrive - Esri\Data\Tech Lead\JHU\JHUProProject\MyProject3\MyProject3.gdb\USCounties_JHUmap,Age_Less15,-1,-1;Age_15_24 "Age_15_24" true true false 4 Long 0 0,First,#,C:\Users\just6837\OneDrive - Esri\Data\Tech Lead\JHU\JHUProProject\MyProject3\MyProject3.gdb\USCounties_JHUmap,Age_15_24,-1,-1;Age_25_34 "Age_25_34" true true false 4 Long 0 0,First,#,C:\Users\just6837\OneDrive - Esri\Data\Tech Lead\JHU\JHUProProject\MyProject3\MyProject3.gdb\USCounties_JHUmap,Age_25_34,-1,-1;Age_Over75 "Age_Over75" true true false 4 Long 0 0,First,#,C:\Users\just6837\OneDrive - Esri\Data\Tech Lead\JHU\JHUProProject\MyProject3\MyProject3.gdb\USCounties_JHUmap,Age_Over75,-1,-1;Agetotal "Agetotal" true true false 4 Long 0 0,First,#,C:\Users\just6837\OneDrive - Esri\Data\Tech Lead\JHU\JHUProProject\MyProject3\MyProject3.gdb\USCounties_JHUmap,Agetotal,-1,-1;NonHisp "NonHisp" true true false 4 Long 0 0,First,#,C:\Users\just6837\OneDrive - Esri\Data\Tech Lead\JHU\JHUProProject\MyProject3\MyProject3.gdb\USCounties_JHUmap,NonHisp,-1,-1;Age_35_64 "Age_35_64" true true false 4 Long 0 0,First,#,C:\Users\just6837\OneDrive - Esri\Data\Tech Lead\JHU\JHUProProject\MyProject3\MyProject3.gdb\USCounties_JHUmap,Age_35_64,-1,-1;Age_65_74 "Age_65_74" true true false 4 Long 0 0,First,#,C:\Users\just6837\OneDrive - Esri\Data\Tech Lead\JHU\JHUProProject\MyProject3\MyProject3.gdb\USCounties_JHUmap,Age_65_74,-1,-1;Day_1 "Day_1" true true false 4 Long 0 0,First,#,C:\Users\just6837\OneDrive - Esri\Data\Tech Lead\JHU\JHUProProject\MyProject3\MyProject3.gdb\USCounties_JHUmap,Day_1,-1,-1;Day_2 "Day_2" true true false 4 Long 0 0,First,#,C:\Users\just6837\OneDrive - Esri\Data\Tech Lead\JHU\JHUProProject\MyProject3\MyProject3.gdb\USCounties_JHUmap,Day_2,-1,-1;Day_3 "Day_3" true true false 4 Long 0 0,First,#,C:\Users\just6837\OneDrive - Esri\Data\Tech Lead\JHU\JHUProProject\MyProject3\MyProject3.gdb\USCounties_JHUmap,Day_3,-1,-1;Day_4 "Day_4" true true false 4 Long 0 0,First,#,C:\Users\just6837\OneDrive - Esri\Data\Tech Lead\JHU\JHUProProject\MyProject3\MyProject3.gdb\USCounties_JHUmap,Day_4,-1,-1;Day_5 "Day_5" true true false 4 Long 0 0,First,#,C:\Users\just6837\OneDrive - Esri\Data\Tech Lead\JHU\JHUProProject\MyProject3\MyProject3.gdb\USCounties_JHUmap,Day_5,-1,-1;Day_6 "Day_6" true true false 4 Long 0 0,First,#,C:\Users\just6837\OneDrive - Esri\Data\Tech Lead\JHU\JHUProProject\MyProject3\MyProject3.gdb\USCounties_JHUmap,Day_6,-1,-1;Day_7 "Day_7" true true false 4 Long 0 0,First,#,C:\Users\just6837\OneDrive - Esri\Data\Tech Lead\JHU\JHUProProject\MyProject3\MyProject3.gdb\USCounties_JHUmap,Day_7,-1,-1;Day_8 "Day_8" true true false 4 Long 0 0,First,#,C:\Users\just6837\OneDrive - Esri\Data\Tech Lead\JHU\JHUProProject\MyProject3\MyProject3.gdb\USCounties_JHUmap,Day_8,-1,-1;Day_9 "Day_9" true true false 4 Long 0 0,First,#,C:\Users\just6837\OneDrive - Esri\Data\Tech Lead\JHU\JHUProProject\MyProject3\MyProject3.gdb\USCounties_JHUmap,Day_9,-1,-1;Day_10 "Day_10" true true false 4 Long 0 0,First,#,C:\Users\just6837\OneDrive - Esri\Data\Tech Lead\JHU\JHUProProject\MyProject3\MyProject3.gdb\USCounties_JHUmap,Day_10,-1,-1;Day_11 "Day_11" true true false 4 Long 0 0,First,#,C:\Users\just6837\OneDrive - Esri\Data\Tech Lead\JHU\JHUProProject\MyProject3\MyProject3.gdb\USCounties_JHUmap,Day_11,-1,-1;Day_12 "Day_12" true true false 4 Long 0 0,First,#,C:\Users\just6837\OneDrive - Esri\Data\Tech Lead\JHU\JHUProProject\MyProject3\MyProject3.gdb\USCounties_JHUmap,Day_12,-1,-1;Day_13 "Day_13" true true false 4 Long 0 0,First,#,C:\Users\just6837\OneDrive - Esri\Data\Tech Lead\JHU\JHUProProject\MyProject3\MyProject3.gdb\USCounties_JHUmap,Day_13,-1,-1;Day_14 "Day_14" true true false 4 Long 0 0,First,#,C:\Users\just6837\OneDrive - Esri\Data\Tech Lead\JHU\JHUProProject\MyProject3\MyProject3.gdb\USCounties_JHUmap,Day_14,-1,-1;NewCasebyP "NewCasebyP" true true false 8 Double 0 0,First,#,C:\Users\just6837\OneDrive - Esri\Data\Tech Lead\JHU\JHUProProject\MyProject3\MyProject3.gdb\USCounties_JHUmap,NewCasebyP,-1,-1;Shape_Leng "Shape_Length" false true true 8 Double 0 0,First,#,C:\Users\just6837\OneDrive - Esri\Data\Tech Lead\JHU\JHUProProject\MyProject3\MyProject3.gdb\USCounties_JHUmap,Shape_Length,-1,-1;Shape_Area "Shape_Area" false true true 8 Double 0 0,First,#,C:\Users\just6837\OneDrive - Esri\Data\Tech Lead\JHU\JHUProProject\MyProject3\MyProject3.gdb\USCounties_JHUmap,Shape_Area,-1,-1" #</Process></lineage></DataProperties><SyncDate>20201013</SyncDate><SyncTime>13534500</SyncTime><ModDate>20201013</ModDate><ModTime>13534500</ModTime></Esri><dataIdInfo><envirDesc Sync="TRUE">Microsoft Windows 10 Version 10.0 (Build 17763) ; Esri ArcGIS 12.5.1.22081</envirDesc><dataLang><languageCode value="eng" Sync="TRUE"></languageCode><countryCode value="USA" Sync="TRUE"></countryCode></dataLang><idCitation><resTitle Sync="TRUE">USCounties_JHUmap</resTitle><presForm><PresFormCd value="005" Sync="TRUE"></PresFormCd></presForm></idCitation><spatRpType><SpatRepTypCd value="001" Sync="TRUE"></SpatRepTypCd></spatRpType></dataIdInfo><mdLang><languageCode value="eng" Sync="TRUE"></languageCode><countryCode value="USA" Sync="TRUE"></countryCode></mdLang><distInfo><distFormat><formatName Sync="TRUE">Shapefile</formatName></distFormat><distTranOps><transSize Sync="TRUE">0.000</transSize></distTranOps></distInfo><mdHrLv><ScopeCd value="005" Sync="TRUE"></ScopeCd></mdHrLv><mdHrLvName Sync="TRUE">dataset</mdHrLvName><refSysInfo><RefSystem><refSysID><identCode code="3857" Sync="TRUE"></identCode><idCodeSpace Sync="TRUE">EPSG</idCodeSpace><idVersion Sync="TRUE">8.8(9.3.1.2)</idVersion></refSysID></RefSystem></refSysInfo><spatRepInfo><VectSpatRep><geometObjs Name="USCounties_JHUmap"><geoObjTyp><GeoObjTypCd value="002" Sync="TRUE"></GeoObjTypCd></geoObjTyp><geoObjCnt Sync="TRUE">0</geoObjCnt></geometObjs><topLvl><TopoLevCd value="001" Sync="TRUE"></TopoLevCd></topLvl></VectSpatRep></spatRepInfo><spdoinfo><ptvctinf><esriterm Name="USCounties_JHUmap"><efeatyp Sync="TRUE">Simple</efeatyp><efeageom code="4" Sync="TRUE"></efeageom><esritopo Sync="TRUE">FALSE</esritopo><efeacnt Sync="TRUE">0</efeacnt><spindex Sync="TRUE">FALSE</spindex><linrefer Sync="TRUE">FALSE</linrefer></esriterm></ptvctinf></spdoinfo><eainfo><detailed Name="USCounties_JHUmap"><enttyp><enttypl Sync="TRUE">USCounties_JHUmap</enttypl><enttypt Sync="TRUE">Feature Class</enttypt><enttypc Sync="TRUE">0</enttypc></enttyp><attr><attrlabl Sync="TRUE">FID</attrlabl><attalias Sync="TRUE">FID</attalias><attrtype Sync="TRUE">OID</attrtype><attwidth Sync="TRUE">4</attwidth><atprecis Sync="TRUE">0</atprecis><attscale Sync="TRUE">0</attscale><attrdef Sync="TRUE">Internal feature number.</attrdef><attrdefs Sync="TRUE">Esri</attrdefs><attrdomv><udom Sync="TRUE">Sequential unique whole numbers that are automatically generated.</udom></attrdomv></attr><attr><attrlabl Sync="TRUE">Shape</attrlabl><attalias Sync="TRUE">Shape</attalias><attrtype Sync="TRUE">Geometry</attrtype><attwidth Sync="TRUE">0</attwidth><atprecis Sync="TRUE">0</atprecis><attscale Sync="TRUE">0</attscale><attrdef Sync="TRUE">Feature geometry.</attrdef><attrdefs Sync="TRUE">Esri</attrdefs><attrdomv><udom Sync="TRUE">Coordinates defining the features.</udom></attrdomv></attr><attr><attrlabl Sync="TRUE">Countyname</attrlabl><attalias Sync="TRUE">Countyname</attalias><attrtype Sync="TRUE">String</attrtype><attwidth Sync="TRUE">80</attwidth><atprecis Sync="TRUE">0</atprecis><attscale Sync="TRUE">0</attscale></attr><attr><attrlabl Sync="TRUE">ST_Name</attrlabl><attalias Sync="TRUE">ST_Name</attalias><attrtype Sync="TRUE">String</attrtype><attwidth Sync="TRUE">80</attwidth><atprecis Sync="TRUE">0</atprecis><attscale Sync="TRUE">0</attscale></attr><attr><attrlabl Sync="TRUE">ST_Abbr</attrlabl><attalias Sync="TRUE">ST_Abbr</attalias><attrtype Sync="TRUE">String</attrtype><attwidth Sync="TRUE">80</attwidth><atprecis Sync="TRUE">0</atprecis><attscale Sync="TRUE">0</attscale></attr><attr><attrlabl Sync="TRUE">ST_ID</attrlabl><attalias Sync="TRUE">ST_ID</attalias><attrtype Sync="TRUE">String</attrtype><attwidth Sync="TRUE">80</attwidth><atprecis Sync="TRUE">0</atprecis><attscale Sync="TRUE">0</attscale></attr><attr><attrlabl Sync="TRUE">FIPS</attrlabl><attalias Sync="TRUE">FIPS</attalias><attrtype Sync="TRUE">String</attrtype><attwidth Sync="TRUE">80</attwidth><atprecis Sync="TRUE">0</atprecis><attscale Sync="TRUE">0</attscale></attr><attr><attrlabl Sync="TRUE">FatalityRa</attrlabl><attalias Sync="TRUE">FatalityRa</attalias><attrtype Sync="TRUE">Double</attrtype><attwidth Sync="TRUE">19</attwidth><atprecis Sync="TRUE">0</atprecis><attscale Sync="TRUE">0</attscale></attr><attr><attrlabl Sync="TRUE">Confirmedb</attrlabl><attalias Sync="TRUE">Confirmedb</attalias><attrtype Sync="TRUE">Double</attrtype><attwidth Sync="TRUE">19</attwidth><atprecis Sync="TRUE">0</atprecis><attscale Sync="TRUE">0</attscale></attr><attr><attrlabl Sync="TRUE">DeathsbyPo</attrlabl><attalias Sync="TRUE">DeathsbyPo</attalias><attrtype Sync="TRUE">Double</attrtype><attwidth Sync="TRUE">19</attwidth><atprecis Sync="TRUE">0</atprecis><attscale Sync="TRUE">0</attscale></attr><attr><attrlabl Sync="TRUE">PCTPOVALL_</attrlabl><attalias Sync="TRUE">PCTPOVALL_</attalias><attrtype Sync="TRUE">Double</attrtype><attwidth Sync="TRUE">19</attwidth><atprecis Sync="TRUE">0</atprecis><attscale Sync="TRUE">0</attscale></attr><attr><attrlabl Sync="TRUE">Unemployme</attrlabl><attalias Sync="TRUE">Unemployme</attalias><attrtype Sync="TRUE">Double</attrtype><attwidth Sync="TRUE">19</attwidth><atprecis Sync="TRUE">0</atprecis><attscale Sync="TRUE">0</attscale></attr><attr><attrlabl Sync="TRUE">Med_HH_Inc</attrlabl><attalias Sync="TRUE">Med_HH_Inc</attalias><attrtype Sync="TRUE">Double</attrtype><attwidth Sync="TRUE">19</attwidth><atprecis Sync="TRUE">0</atprecis><attscale Sync="TRUE">0</attscale></attr><attr><attrlabl Sync="TRUE">State_Fata</attrlabl><attalias Sync="TRUE">State_Fata</attalias><attrtype Sync="TRUE">Double</attrtype><attwidth Sync="TRUE">19</attwidth><atprecis Sync="TRUE">0</atprecis><attscale Sync="TRUE">0</attscale></attr><attr><attrlabl Sync="TRUE">DateChecke</attrlabl><attalias Sync="TRUE">DateChecke</attalias><attrtype Sync="TRUE">String</attrtype><attwidth Sync="TRUE">80</attwidth><atprecis Sync="TRUE">0</atprecis><attscale Sync="TRUE">0</attscale></attr><attr><attrlabl Sync="TRUE">EM_type</attrlabl><attalias Sync="TRUE">EM_type</attalias><attrtype Sync="TRUE">String</attrtype><attwidth Sync="TRUE">80</attwidth><atprecis Sync="TRUE">0</atprecis><attscale Sync="TRUE">0</attscale></attr><attr><attrlabl Sync="TRUE">EM_date</attrlabl><attalias Sync="TRUE">EM_date</attalias><attrtype Sync="TRUE">String</attrtype><attwidth Sync="TRUE">80</attwidth><atprecis Sync="TRUE">0</atprecis><attscale Sync="TRUE">0</attscale></attr><attr><attrlabl Sync="TRUE">EM_notes</attrlabl><attalias Sync="TRUE">EM_notes</attalias><attrtype Sync="TRUE">String</attrtype><attwidth Sync="TRUE">254</attwidth><atprecis Sync="TRUE">0</atprecis><attscale Sync="TRUE">0</attscale></attr><attr><attrlabl Sync="TRUE">url</attrlabl><attalias Sync="TRUE">url</attalias><attrtype Sync="TRUE">String</attrtype><attwidth Sync="TRUE">80</attwidth><atprecis Sync="TRUE">0</atprecis><attscale Sync="TRUE">0</attscale></attr><attr><attrlabl Sync="TRUE">Thumbnail</attrlabl><attalias Sync="TRUE">Thumbnail</attalias><attrtype Sync="TRUE">String</attrtype><attwidth Sync="TRUE">80</attwidth><atprecis Sync="TRUE">0</atprecis><attscale Sync="TRUE">0</attscale></attr><attr><attrlabl Sync="TRUE">Confirmed</attrlabl><attalias Sync="TRUE">Confirmed</attalias><attrtype Sync="TRUE">Integer</attrtype><attwidth Sync="TRUE">10</attwidth><atprecis Sync="TRUE">10</atprecis><attscale Sync="TRUE">0</attscale></attr><attr><attrlabl Sync="TRUE">Deaths</attrlabl><attalias Sync="TRUE">Deaths</attalias><attrtype Sync="TRUE">Integer</attrtype><attwidth Sync="TRUE">10</attwidth><atprecis Sync="TRUE">10</atprecis><attscale Sync="TRUE">0</attscale></attr><attr><attrlabl Sync="TRUE">Age_85</attrlabl><attalias Sync="TRUE">Age_85</attalias><attrtype Sync="TRUE">Integer</attrtype><attwidth Sync="TRUE">10</attwidth><atprecis Sync="TRUE">10</atprecis><attscale Sync="TRUE">0</attscale></attr><attr><attrlabl Sync="TRUE">Age_80_84</attrlabl><attalias Sync="TRUE">Age_80_84</attalias><attrtype Sync="TRUE">Integer</attrtype><attwidth Sync="TRUE">10</attwidth><atprecis Sync="TRUE">10</atprecis><attscale Sync="TRUE">0</attscale></attr><attr><attrlabl Sync="TRUE">Age_75_79</attrlabl><attalias Sync="TRUE">Age_75_79</attalias><attrtype Sync="TRUE">Integer</attrtype><attwidth Sync="TRUE">10</attwidth><atprecis Sync="TRUE">10</atprecis><attscale Sync="TRUE">0</attscale></attr><attr><attrlabl Sync="TRUE">Age_70_74</attrlabl><attalias Sync="TRUE">Age_70_74</attalias><attrtype Sync="TRUE">Integer</attrtype><attwidth Sync="TRUE">10</attwidth><atprecis Sync="TRUE">10</atprecis><attscale Sync="TRUE">0</attscale></attr><attr><attrlabl Sync="TRUE">Age_65_69</attrlabl><attalias Sync="TRUE">Age_65_69</attalias><attrtype Sync="TRUE">Integer</attrtype><attwidth Sync="TRUE">10</attwidth><atprecis Sync="TRUE">10</atprecis><attscale Sync="TRUE">0</attscale></attr><attr><attrlabl Sync="TRUE">Beds_Licen</attrlabl><attalias Sync="TRUE">Beds_Licen</attalias><attrtype Sync="TRUE">Integer</attrtype><attwidth Sync="TRUE">10</attwidth><atprecis Sync="TRUE">10</atprecis><attscale Sync="TRUE">0</attscale></attr><attr><attrlabl Sync="TRUE">Beds_Staff</attrlabl><attalias Sync="TRUE">Beds_Staff</attalias><attrtype Sync="TRUE">Integer</attrtype><attwidth Sync="TRUE">10</attwidth><atprecis Sync="TRUE">10</atprecis><attscale Sync="TRUE">0</attscale></attr><attr><attrlabl Sync="TRUE">Beds_ICU</attrlabl><attalias Sync="TRUE">Beds_ICU</attalias><attrtype Sync="TRUE">Integer</attrtype><attwidth Sync="TRUE">10</attwidth><atprecis Sync="TRUE">10</atprecis><attscale Sync="TRUE">0</attscale></attr><attr><attrlabl Sync="TRUE">Ventilator</attrlabl><attalias Sync="TRUE">Ventilator</attalias><attrtype Sync="TRUE">Integer</attrtype><attwidth Sync="TRUE">10</attwidth><atprecis Sync="TRUE">10</atprecis><attscale Sync="TRUE">0</attscale></attr><attr><attrlabl Sync="TRUE">POP_ESTIMA</attrlabl><attalias Sync="TRUE">POP_ESTIMA</attalias><attrtype Sync="TRUE">Integer</attrtype><attwidth Sync="TRUE">10</attwidth><atprecis Sync="TRUE">10</atprecis><attscale Sync="TRUE">0</attscale></attr><attr><attrlabl Sync="TRUE">POVALL_201</attrlabl><attalias Sync="TRUE">POVALL_201</attalias><attrtype Sync="TRUE">Integer</attrtype><attwidth Sync="TRUE">10</attwidth><atprecis Sync="TRUE">10</atprecis><attscale Sync="TRUE">0</attscale></attr><attr><attrlabl Sync="TRUE">Unemployed</attrlabl><attalias Sync="TRUE">Unemployed</attalias><attrtype Sync="TRUE">Integer</attrtype><attwidth Sync="TRUE">10</attwidth><atprecis Sync="TRUE">10</atprecis><attscale Sync="TRUE">0</attscale></attr><attr><attrlabl Sync="TRUE">Median_Hou</attrlabl><attalias Sync="TRUE">Median_Hou</attalias><attrtype Sync="TRUE">Integer</attrtype><attwidth Sync="TRUE">10</attwidth><atprecis Sync="TRUE">10</atprecis><attscale Sync="TRUE">0</attscale></attr><attr><attrlabl Sync="TRUE">Recovered</attrlabl><attalias Sync="TRUE">Recovered</attalias><attrtype Sync="TRUE">Integer</attrtype><attwidth Sync="TRUE">10</attwidth><atprecis Sync="TRUE">10</atprecis><attscale Sync="TRUE">0</attscale></attr><attr><attrlabl Sync="TRUE">Active</attrlabl><attalias Sync="TRUE">Active</attalias><attrtype Sync="TRUE">Integer</attrtype><attwidth Sync="TRUE">10</attwidth><atprecis Sync="TRUE">10</atprecis><attscale Sync="TRUE">0</attscale></attr><attr><attrlabl Sync="TRUE">State_Conf</attrlabl><attalias Sync="TRUE">State_Conf</attalias><attrtype Sync="TRUE">Integer</attrtype><attwidth Sync="TRUE">10</attwidth><atprecis Sync="TRUE">10</atprecis><attscale Sync="TRUE">0</attscale></attr><attr><attrlabl Sync="TRUE">State_Deat</attrlabl><attalias Sync="TRUE">State_Deat</attalias><attrtype Sync="TRUE">Integer</attrtype><attwidth Sync="TRUE">10</attwidth><atprecis Sync="TRUE">10</atprecis><attscale Sync="TRUE">0</attscale></attr><attr><attrlabl Sync="TRUE">State_Reco</attrlabl><attalias Sync="TRUE">State_Reco</attalias><attrtype Sync="TRUE">Integer</attrtype><attwidth Sync="TRUE">10</attwidth><atprecis Sync="TRUE">10</atprecis><attscale Sync="TRUE">0</attscale></attr><attr><attrlabl Sync="TRUE">State_Test</attrlabl><attalias Sync="TRUE">State_Test</attalias><attrtype Sync="TRUE">Integer</attrtype><attwidth Sync="TRUE">10</attwidth><atprecis Sync="TRUE">10</atprecis><attscale Sync="TRUE">0</attscale></attr><attr><attrlabl Sync="TRUE">AgedPop</attrlabl><attalias Sync="TRUE">AgedPop</attalias><attrtype Sync="TRUE">Integer</attrtype><attwidth Sync="TRUE">10</attwidth><atprecis Sync="TRUE">10</atprecis><attscale Sync="TRUE">0</attscale></attr><attr><attrlabl Sync="TRUE">NewCases</attrlabl><attalias Sync="TRUE">NewCases</attalias><attrtype Sync="TRUE">Integer</attrtype><attwidth Sync="TRUE">10</attwidth><atprecis Sync="TRUE">10</atprecis><attscale Sync="TRUE">0</attscale></attr><attr><attrlabl Sync="TRUE">NewDeaths</attrlabl><attalias Sync="TRUE">NewDeaths</attalias><attrtype Sync="TRUE">Integer</attrtype><attwidth Sync="TRUE">10</attwidth><atprecis Sync="TRUE">10</atprecis><attscale Sync="TRUE">0</attscale></attr><attr><attrlabl Sync="TRUE">TotalPop</attrlabl><attalias Sync="TRUE">TotalPop</attalias><attrtype Sync="TRUE">Integer</attrtype><attwidth Sync="TRUE">10</attwidth><atprecis Sync="TRUE">10</atprecis><attscale Sync="TRUE">0</attscale></attr><attr><attrlabl Sync="TRUE">NonHispWhP</attrlabl><attalias Sync="TRUE">NonHispWhP</attalias><attrtype Sync="TRUE">Integer</attrtype><attwidth Sync="TRUE">10</attwidth><atprecis Sync="TRUE">10</atprecis><attscale Sync="TRUE">0</attscale></attr><attr><attrlabl Sync="TRUE">BlackPop</attrlabl><attalias Sync="TRUE">BlackPop</attalias><attrtype Sync="TRUE">Integer</attrtype><attwidth Sync="TRUE">10</attwidth><atprecis Sync="TRUE">10</atprecis><attscale Sync="TRUE">0</attscale></attr><attr><attrlabl Sync="TRUE">AmIndop</attrlabl><attalias Sync="TRUE">AmIndop</attalias><attrtype Sync="TRUE">Integer</attrtype><attwidth Sync="TRUE">10</attwidth><atprecis Sync="TRUE">10</atprecis><attscale Sync="TRUE">0</attscale></attr><attr><attrlabl Sync="TRUE">AsianPop</attrlabl><attalias Sync="TRUE">AsianPop</attalias><attrtype Sync="TRUE">Integer</attrtype><attwidth Sync="TRUE">10</attwidth><atprecis Sync="TRUE">10</atprecis><attscale Sync="TRUE">0</attscale></attr><attr><attrlabl Sync="TRUE">PacIslPop</attrlabl><attalias Sync="TRUE">PacIslPop</attalias><attrtype Sync="TRUE">Integer</attrtype><attwidth Sync="TRUE">10</attwidth><atprecis Sync="TRUE">10</atprecis><attscale Sync="TRUE">0</attscale></attr><attr><attrlabl Sync="TRUE">OtherPop</attrlabl><attalias Sync="TRUE">OtherPop</attalias><attrtype Sync="TRUE">Integer</attrtype><attwidth Sync="TRUE">10</attwidth><atprecis Sync="TRUE">10</atprecis><attscale Sync="TRUE">0</attscale></attr><attr><attrlabl Sync="TRUE">TwoMorPop</attrlabl><attalias Sync="TRUE">TwoMorPop</attalias><attrtype Sync="TRUE">Integer</attrtype><attwidth Sync="TRUE">10</attwidth><atprecis Sync="TRUE">10</atprecis><attscale Sync="TRUE">0</attscale></attr><attr><attrlabl Sync="TRUE">HispPop</attrlabl><attalias Sync="TRUE">HispPop</attalias><attrtype Sync="TRUE">Integer</attrtype><attwidth Sync="TRUE">10</attwidth><atprecis Sync="TRUE">10</atprecis><attscale Sync="TRUE">0</attscale></attr><attr><attrlabl Sync="TRUE">PCPopNWh</attrlabl><attalias Sync="TRUE">PCPopNWh</attalias><attrtype Sync="TRUE">Double</attrtype><attwidth Sync="TRUE">19</attwidth><atprecis Sync="TRUE">0</atprecis><attscale Sync="TRUE">0</attscale></attr><attr><attrlabl Sync="TRUE">PCPopBk</attrlabl><attalias Sync="TRUE">PCPopBk</attalias><attrtype Sync="TRUE">Double</attrtype><attwidth Sync="TRUE">19</attwidth><atprecis Sync="TRUE">0</atprecis><attscale Sync="TRUE">0</attscale></attr><attr><attrlabl Sync="TRUE">PCPopAI</attrlabl><attalias Sync="TRUE">PCPopAI</attalias><attrtype Sync="TRUE">Double</attrtype><attwidth Sync="TRUE">19</attwidth><atprecis Sync="TRUE">0</atprecis><attscale Sync="TRUE">0</attscale></attr><attr><attrlabl Sync="TRUE">PCPopAs</attrlabl><attalias Sync="TRUE">PCPopAs</attalias><attrtype Sync="TRUE">Double</attrtype><attwidth Sync="TRUE">19</attwidth><atprecis Sync="TRUE">0</atprecis><attscale Sync="TRUE">0</attscale></attr><attr><attrlabl Sync="TRUE">PPCPopPI</attrlabl><attalias Sync="TRUE">PPCPopPI</attalias><attrtype Sync="TRUE">Double</attrtype><attwidth Sync="TRUE">19</attwidth><atprecis Sync="TRUE">0</atprecis><attscale Sync="TRUE">0</attscale></attr><attr><attrlabl Sync="TRUE">PCPopOr</attrlabl><attalias Sync="TRUE">PCPopOr</attalias><attrtype Sync="TRUE">Double</attrtype><attwidth Sync="TRUE">19</attwidth><atprecis Sync="TRUE">0</atprecis><attscale Sync="TRUE">0</attscale></attr><attr><attrlabl Sync="TRUE">PCPopTm</attrlabl><attalias Sync="TRUE">PCPopTm</attalias><attrtype Sync="TRUE">Double</attrtype><attwidth Sync="TRUE">19</attwidth><atprecis Sync="TRUE">0</atprecis><attscale Sync="TRUE">0</attscale></attr><attr><attrlabl Sync="TRUE">PCPopHL</attrlabl><attalias Sync="TRUE">PCPopHL</attalias><attrtype Sync="TRUE">Double</attrtype><attwidth Sync="TRUE">19</attwidth><atprecis Sync="TRUE">0</atprecis><attscale Sync="TRUE">0</attscale></attr><attr><attrlabl Sync="TRUE">racePop_to</attrlabl><attalias Sync="TRUE">racePop_to</attalias><attrtype Sync="TRUE">Integer</attrtype><attwidth Sync="TRUE">10</attwidth><atprecis Sync="TRUE">10</atprecis><attscale Sync="TRUE">0</attscale></attr><attr><attrlabl Sync="TRUE">Wh_Alone</attrlabl><attalias Sync="TRUE">Wh_Alone</attalias><attrtype Sync="TRUE">Integer</attrtype><attwidth Sync="TRUE">10</attwidth><atprecis Sync="TRUE">10</atprecis><attscale Sync="TRUE">0</attscale></attr><attr><attrlabl Sync="TRUE">Bk_Alone</attrlabl><attalias Sync="TRUE">Bk_Alone</attalias><attrtype Sync="TRUE">Integer</attrtype><attwidth Sync="TRUE">10</attwidth><atprecis Sync="TRUE">10</atprecis><attscale Sync="TRUE">0</attscale></attr><attr><attrlabl Sync="TRUE">AI_Alone</attrlabl><attalias Sync="TRUE">AI_Alone</attalias><attrtype Sync="TRUE">Integer</attrtype><attwidth Sync="TRUE">10</attwidth><atprecis Sync="TRUE">10</atprecis><attscale Sync="TRUE">0</attscale></attr><attr><attrlabl Sync="TRUE">As_Alone</attrlabl><attalias Sync="TRUE">As_Alone</attalias><attrtype Sync="TRUE">Integer</attrtype><attwidth Sync="TRUE">10</attwidth><atprecis Sync="TRUE">10</atprecis><attscale Sync="TRUE">0</attscale></attr><attr><attrlabl Sync="TRUE">NH_Alone</attrlabl><attalias Sync="TRUE">NH_Alone</attalias><attrtype Sync="TRUE">Integer</attrtype><attwidth Sync="TRUE">10</attwidth><atprecis Sync="TRUE">10</atprecis><attscale Sync="TRUE">0</attscale></attr><attr><attrlabl Sync="TRUE">SO_Alone</attrlabl><attalias Sync="TRUE">SO_Alone</attalias><attrtype Sync="TRUE">Integer</attrtype><attwidth Sync="TRUE">10</attwidth><atprecis Sync="TRUE">10</atprecis><attscale Sync="TRUE">0</attscale></attr><attr><attrlabl Sync="TRUE">Two_More</attrlabl><attalias Sync="TRUE">Two_More</attalias><attrtype Sync="TRUE">Integer</attrtype><attwidth Sync="TRUE">10</attwidth><atprecis Sync="TRUE">10</atprecis><attscale Sync="TRUE">0</attscale></attr><attr><attrlabl Sync="TRUE">Not_Hisp</attrlabl><attalias Sync="TRUE">Not_Hisp</attalias><attrtype Sync="TRUE">Integer</attrtype><attwidth Sync="TRUE">10</attwidth><atprecis Sync="TRUE">10</atprecis><attscale Sync="TRUE">0</attscale></attr><attr><attrlabl Sync="TRUE">Age_Less15</attrlabl><attalias Sync="TRUE">Age_Less15</attalias><attrtype Sync="TRUE">Integer</attrtype><attwidth Sync="TRUE">10</attwidth><atprecis Sync="TRUE">10</atprecis><attscale Sync="TRUE">0</attscale></attr><attr><attrlabl Sync="TRUE">Age_15_24</attrlabl><attalias Sync="TRUE">Age_15_24</attalias><attrtype Sync="TRUE">Integer</attrtype><attwidth Sync="TRUE">10</attwidth><atprecis Sync="TRUE">10</atprecis><attscale Sync="TRUE">0</attscale></attr><attr><attrlabl Sync="TRUE">Age_25_34</attrlabl><attalias Sync="TRUE">Age_25_34</attalias><attrtype Sync="TRUE">Integer</attrtype><attwidth Sync="TRUE">10</attwidth><atprecis Sync="TRUE">10</atprecis><attscale Sync="TRUE">0</attscale></attr><attr><attrlabl Sync="TRUE">Age_Over75</attrlabl><attalias Sync="TRUE">Age_Over75</attalias><attrtype Sync="TRUE">Integer</attrtype><attwidth Sync="TRUE">10</attwidth><atprecis Sync="TRUE">10</atprecis><attscale Sync="TRUE">0</attscale></attr><attr><attrlabl Sync="TRUE">Agetotal</attrlabl><attalias Sync="TRUE">Agetotal</attalias><attrtype Sync="TRUE">Integer</attrtype><attwidth Sync="TRUE">10</attwidth><atprecis Sync="TRUE">10</atprecis><attscale Sync="TRUE">0</attscale></attr><attr><attrlabl Sync="TRUE">NonHisp</attrlabl><attalias Sync="TRUE">NonHisp</attalias><attrtype Sync="TRUE">Integer</attrtype><attwidth Sync="TRUE">10</attwidth><atprecis Sync="TRUE">10</atprecis><attscale Sync="TRUE">0</attscale></attr><attr><attrlabl Sync="TRUE">Age_35_64</attrlabl><attalias Sync="TRUE">Age_35_64</attalias><attrtype Sync="TRUE">Integer</attrtype><attwidth Sync="TRUE">10</attwidth><atprecis Sync="TRUE">10</atprecis><attscale Sync="TRUE">0</attscale></attr><attr><attrlabl Sync="TRUE">Age_65_74</attrlabl><attalias Sync="TRUE">Age_65_74</attalias><attrtype Sync="TRUE">Integer</attrtype><attwidth Sync="TRUE">10</attwidth><atprecis Sync="TRUE">10</atprecis><attscale Sync="TRUE">0</attscale></attr><attr><attrlabl Sync="TRUE">Day_1</attrlabl><attalias Sync="TRUE">Day_1</attalias><attrtype Sync="TRUE">Integer</attrtype><attwidth Sync="TRUE">10</attwidth><atprecis Sync="TRUE">10</atprecis><attscale Sync="TRUE">0</attscale></attr><attr><attrlabl Sync="TRUE">Day_2</attrlabl><attalias Sync="TRUE">Day_2</attalias><attrtype Sync="TRUE">Integer</attrtype><attwidth Sync="TRUE">10</attwidth><atprecis Sync="TRUE">10</atprecis><attscale Sync="TRUE">0</attscale></attr><attr><attrlabl Sync="TRUE">Day_3</attrlabl><attalias Sync="TRUE">Day_3</attalias><attrtype Sync="TRUE">Integer</attrtype><attwidth Sync="TRUE">10</attwidth><atprecis Sync="TRUE">10</atprecis><attscale Sync="TRUE">0</attscale></attr><attr><attrlabl Sync="TRUE">Day_4</attrlabl><attalias Sync="TRUE">Day_4</attalias><attrtype Sync="TRUE">Integer</attrtype><attwidth Sync="TRUE">10</attwidth><atprecis Sync="TRUE">10</atprecis><attscale Sync="TRUE">0</attscale></attr><attr><attrlabl Sync="TRUE">Day_5</attrlabl><attalias Sync="TRUE">Day_5</attalias><attrtype Sync="TRUE">Integer</attrtype><attwidth Sync="TRUE">10</attwidth><atprecis Sync="TRUE">10</atprecis><attscale Sync="TRUE">0</attscale></attr><attr><attrlabl Sync="TRUE">Day_6</attrlabl><attalias Sync="TRUE">Day_6</attalias><attrtype Sync="TRUE">Integer</attrtype><attwidth Sync="TRUE">10</attwidth><atprecis Sync="TRUE">10</atprecis><attscale Sync="TRUE">0</attscale></attr><attr><attrlabl Sync="TRUE">Day_7</attrlabl><attalias Sync="TRUE">Day_7</attalias><attrtype Sync="TRUE">Integer</attrtype><attwidth Sync="TRUE">10</attwidth><atprecis Sync="TRUE">10</atprecis><attscale Sync="TRUE">0</attscale></attr><attr><attrlabl Sync="TRUE">Day_8</attrlabl><attalias Sync="TRUE">Day_8</attalias><attrtype Sync="TRUE">Integer</attrtype><attwidth Sync="TRUE">10</attwidth><atprecis Sync="TRUE">10</atprecis><attscale Sync="TRUE">0</attscale></attr><attr><attrlabl Sync="TRUE">Day_9</attrlabl><attalias Sync="TRUE">Day_9</attalias><attrtype Sync="TRUE">Integer</attrtype><attwidth Sync="TRUE">10</attwidth><atprecis Sync="TRUE">10</atprecis><attscale Sync="TRUE">0</attscale></attr><attr><attrlabl Sync="TRUE">Day_10</attrlabl><attalias Sync="TRUE">Day_10</attalias><attrtype Sync="TRUE">Integer</attrtype><attwidth Sync="TRUE">10</attwidth><atprecis Sync="TRUE">10</atprecis><attscale Sync="TRUE">0</attscale></attr><attr><attrlabl Sync="TRUE">Day_11</attrlabl><attalias Sync="TRUE">Day_11</attalias><attrtype Sync="TRUE">Integer</attrtype><attwidth Sync="TRUE">10</attwidth><atprecis Sync="TRUE">10</atprecis><attscale Sync="TRUE">0</attscale></attr><attr><attrlabl Sync="TRUE">Day_12</attrlabl><attalias Sync="TRUE">Day_12</attalias><attrtype Sync="TRUE">Integer</attrtype><attwidth Sync="TRUE">10</attwidth><atprecis Sync="TRUE">10</atprecis><attscale Sync="TRUE">0</attscale></attr><attr><attrlabl Sync="TRUE">Day_13</attrlabl><attalias Sync="TRUE">Day_13</attalias><attrtype Sync="TRUE">Integer</attrtype><attwidth Sync="TRUE">10</attwidth><atprecis Sync="TRUE">10</atprecis><attscale Sync="TRUE">0</attscale></attr><attr><attrlabl Sync="TRUE">Day_14</attrlabl><attalias Sync="TRUE">Day_14</attalias><attrtype Sync="TRUE">Integer</attrtype><attwidth Sync="TRUE">10</attwidth><atprecis Sync="TRUE">10</atprecis><attscale Sync="TRUE">0</attscale></attr><attr><attrlabl Sync="TRUE">NewCasebyP</attrlabl><attalias Sync="TRUE">NewCasebyP</attalias><attrtype Sync="TRUE">Double</attrtype><attwidth Sync="TRUE">19</attwidth><atprecis Sync="TRUE">0</atprecis><attscale Sync="TRUE">0</attscale></attr><attr><attrlabl Sync="TRUE">Shape_Leng</attrlabl><attalias Sync="TRUE">Shape_Leng</attalias><attrtype Sync="TRUE">Double</attrtype><attwidth Sync="TRUE">19</attwidth><atprecis Sync="TRUE">0</atprecis><attscale Sync="TRUE">0</attscale></attr><attr><attrlabl Sync="TRUE">Shape_Area</attrlabl><attalias Sync="TRUE">Shape_Area</attalias><attrtype Sync="TRUE">Double</attrtype><attwidth Sync="TRUE">19</attwidth><atprecis Sync="TRUE">0</atprecis><attscale Sync="TRUE">0</attscale><attrdef Sync="TRUE">Area of feature in internal units squared.</attrdef><attrdefs Sync="TRUE">Esri</attrdefs><attrdomv><udom Sync="TRUE">Positive real numbers that are automatically generated.</udom></attrdomv></attr></detailed></eainfo><mdDateSt Sync="TRUE">20201013</mdDateSt></metadata>
