GNIS_Code,FIPS_Number,FIPS,State_Abbr,Area_Name,US_id,NAME,ESTAB_00,EMP_00,PAYANN_00,ESTAB_4451,EMP_4451,PAYANN_4451,ESTAB_44611,EMP_44611,PAYANN_44611,ESTAB_4811,EMP_4811,PAYANN_4811,ESTAB_4854,EMP_4854,PAYANN_4854,ESTAB_5121,EMP_5121,PAYANN_5121,ESTAB_6211,EMP_6211,PAYANN_6211,ESTAB_6214,EMP_6214,PAYANN_6214,ESTAB_6215,EMP_6215,PAYANN_6215,ESTAB_6219,EMP_6219,PAYANN_6219,ESTAB_6221,EMP_6221,PAYANN_6221,ESTAB_6231,EMP_6231,PAYANN_6231,ESTAB_6244,EMP_6244,PAYANN_6244,ESTAB_7111,EMP_7111,PAYANN_7111,ESTAB_7112,EMP_7112,PAYANN_7112,ESTAB_7121,EMP_7121,PAYANN_7121,ESTAB_7131,EMP_7131,PAYANN_7131,ESTAB_7211,EMP_7211,PAYANN_7211,ESTAB_7224,EMP_7224,PAYANN_7224,ESTAB_7225,EMP_7225,PAYANN_7225,ESTAB_8121,EMP_8121,PAYANN_8121,B01001_001E,B01001_020E,B01001_021E,B01001_022E,B01001_023E,B01001_024E,B01001_025E,B01001_044E,B01001_045E,B01001_046E,B01001_047E,B01001_048E,B01001_049E,B01001_calc_numLT18E,B01001_calc_numGE65E,B01001_calc_numDependE,B25010_001E,B25010_002E,B25010_003E,B01001_calc_PopDensity,B01002_001E,B01001_007E,B01001_008E,B01001_009E,B01001_010E,B01001_011E,B01001_012E,B01001_013E,B01001_014E,B01001_015E,B01001_016E,B01001_017E,B01001_018E,B01001_019E,B01001_031E,B01001_032E,B01001_033E,B01001_034E,B01001_035E,B01001_036E,B01001_037E,B01001_038E,B01001_039E,B01001_040E,B01001_041E,B01001_042E,B01001_043E,B16004_001E,B16004_002E,B16004_003E,B16004_004E,B16004_005E,B16004_006E,B16004_007E,B16004_008E,B16004_009E,B16004_010E,B16004_011E,B16004_012E,B16004_013E,B16004_014E,B16004_015E,B16004_016E,B16004_017E,B16004_018E,B16004_019E,B16004_020E,B16004_021E,B16004_022E,B16004_023E,B16004_024E,B16004_025E,B16004_026E,B16004_027E,B16004_028E,B16004_029E,B16004_030E,B16004_031E,B16004_032E,B16004_033E,B16004_034E,B16004_035E,B16004_036E,B16004_037E,B16004_038E,B16004_039E,B16004_040E,B16004_041E,B16004_042E,B16004_043E,B16004_044E,B16004_045E,B16004_046E,B16004_047E,B16004_048E,B16004_049E,B16004_050E,B16004_051E,B16004_052E,B16004_053E,B16004_054E,B16004_055E,B16004_056E,B16004_057E,B16004_058E,B16004_059E,B16004_060E,B16004_061E,B16004_062E,B16004_063E,B16004_064E,B16004_065E,B16004_066E,B16004_067E,Poverty1,Poverty2,Poverty_ALL
1779775,1,01,AL,Alabama,0400000US01,Alabama,100419,1690061,71746399,983,31232,632592,1036,11499,488492,21,431,33404,21,697,11995,109,1887,47426,3013,39965,3109796,597,13564,834074,231,3529,226151,190,5914,213651,99,77862,4102370,221,28942,803663,953,10594,168854,61,712,16465,27,483,14585,87,1030,28607,64,1072,16358,866,18950,406806,251,1923,30632,7419,156927,2238681,1148,5249,113264,4864680,51870,70217,91817,61026,38279,27192,60161,80851,108141,80154,57880,56244,1098793,783832,1882625,2.55,2.6,2.45,37.08568922,38.9,65598,36376,35261,97598,162663,148737,144144,147214,150559,160452,160682,60037,85569,65915,35484,34087,95610,165559,155701,153698,154326,159748,170310,173329,68825,94573,4572555,806668,754381,40399,30794,6383,2769,453,4077,3380,552,91,54,5847,3910,1263,644,30,1964,1854,76,29,5,2982055,2815595,100779,49362,20570,23677,7170,25624,19214,4350,1929,131,30635,14280,9827,5672,856,9422,6654,1844,777,147,783832,765597,7242,4285,1114,924,919,6399,4710,800,715,174,3632,1463,1003,811,355,962,650,127,137,48,28.4,10.3,17.5
1785533,2,02,AK,Alaska,0400000US02,Alaska,21279,262075,15007844,249,6436,178094,40,784,41080,106,5320,339622,25,958,22377,38,776,13616,543,5342,543252,231,6687,384874,39,394,40086,35,552,37506,25,15072,1156183,11,941,36863,173,1990,46684,24,131,4903,13,34,1191,45,344,15704,,,,375,5783,200105,157,1234,25228,1334,17102,372913,247,1251,32165,738516,7903,9285,10386,5747,3282,2334,6552,9155,10085,5694,4092,3913,186138,78428,264566,2.81,2.92,2.61,0.499388813,34,9785,6014,6587,20020,32871,29750,26104,22094,23403,25326,25948,9884,13164,8117,4456,4790,14882,28979,26919,23444,21037,21471,23144,24956,9574,11231,684276,131898,113707,3921,3259,371,290,1,2427,1983,380,61,3,5843,4066,1036,663,78,6000,5208,703,87,2,473950,393179,18803,13711,3331,1418,343,11118,8821,1531,606,160,29234,15747,8934,4117,436,21616,18150,3084,353,29,78428,66487,1654,976,345,159,174,2037,1424,183,191,239,3894,1097,970,1484,343,4356,2942,930,427,57,15.9,5.4,10.8
1779777,4,04,AZ,Arizona,0400000US04,Arizona,143306,2448538,113490959,1128,50344,1294369,651,9861,476556,36,16411,1242552,15,1289,45826,270,5312,96860,5205,48535,4136059,1078,27031,1325284,559,8799,534914,317,9267,505708,80,95013,6383527,213,17740,584526,880,12995,259158,103,2080,36767,65,2742,623167,107,2790,80926,52,1741,24175,1156,54059,1544291,607,6517,109977,10346,220090,3805448,2259,13298,293757,6946685,73286,102747,140586,102589,64662,50044,83283,116285,158048,114385,73900,78505,1633783,1158320,2792103,2.69,2.7,2.68,23.61223389,37.4,97291,53619,52584,148625,253812,235745,218187,213557,209738,209304,202117,78444,113409,93324,49596,48052,135879,234547,221707,215619,207857,210350,215871,218373,87314,129661,6510583,1197681,853969,290221,249415,28122,10726,1958,13113,11341,999,561,212,15656,12161,2226,1202,67,24722,20712,2726,1172,112,4154582,2920527,924389,576552,132270,129386,86181,86792,67848,14021,4006,917,103630,62421,26738,11040,3431,119244,89785,20063,7054,2342,1158320,965545,123779,65155,18446,19608,20570,29401,20196,5521,2337,1347,16930,6532,4444,4172,1782,22665,11421,4939,3936,2369,25.1,9,16.1
68085,5,05,AR,Arkansas,0400000US05,Arkansas,66786,1030593,42305514,586,17896,376265,530,5835,239948,11,434,17035,10,428,7811,92,956,17917,1949,19663,1718064,496,8744,403075,93,1446,120795,145,3048,122121,73,52602,3074980,247,22805,540505,721,10434,196637,33,267,7538,32,1577,37451,56,698,19432,40,499,8994,788,10588,193150,114,972,12893,4615,89633,1304183,658,2874,59670,2990671,31690,44633,56516,39873,24481,19211,34795,49787,66603,48538,34362,37047,705943,487536,1193479,2.52,2.57,2.43,22.1911109,37.9,41456,23681,21953,59003,99732,94689,92867,90446,89915,95671,94127,35723,51462,39559,21003,20268,58498,100506,94492,95262,90009,92179,98715,101233,39087,55656,2800360,515632,465650,41415,32951,6100,1815,549,2241,1915,281,45,0,5806,3846,1472,400,88,520,514,6,0,0,1797192,1652432,102337,45500,25229,23425,8183,14070,10878,2558,577,57,24193,11375,7943,3752,1123,4160,2996,793,295,76,487536,475269,5866,2304,816,1302,1444,3701,2569,733,311,88,2394,944,440,760,250,306,204,49,53,0,28.6,10.2,17.6
1779778,6,06,CA,California,0400000US06,California,941377,14896625,955043843,10487,314890,9151996,4775,57571,3135550,287,50540,4573224,156,12949,379539,7615,114828,10342661,31824,220081,19737945,5576,206576,17338383,2334,38412,2648373,980,34508,1685142,400,533948,44490063,1644,144450,4764218,8600,79858,2152027,1464,16656,707805,532,15197,2838872,648,19290,753909,358,59961,1707973,6086,260222,8861689,3301,41110,843761,74669,1340320,26901482,15435,80102,1651958,39148760,362895,472769,589271,405391,273776,253509,402402,540203,693891,499498,373791,448061,9073655,5315457,14389112,2.96,3.01,2.9,97.02200391,36.3,534964,300238,291051,861027,1571925,1467111,1335677,1271347,1287549,1280116,1203213,452961,602955,511626,272441,270702,814171,1470739,1394237,1309353,1268788,1290222,1297966,1262708,483344,653217,36668081,6592976,3707446,2258167,1863818,297885,81489,14975,190403,160301,21678,7594,830,380232,288865,65128,24614,1625,56728,45191,7307,3600,630,24759648,13349981,7397212,4112179,1271450,1326609,686974,1150373,839242,210446,82233,18452,2592336,1414257,692513,393530,92036,269746,180994,54775,23819,10158,5315457,3429644,874242,299945,154150,213859,206288,300744,143405,64819,58870,33650,663690,189472,172018,192140,110060,47137,22313,11416,8525,4883,20.2,10.3,14.3
1779779,8,08,CO,Colorado,0400000US08,Colorado,169842,2371694,126786000,1014,44628,1344715,404,7405,288356,45,15616,1299234,16,1236,34369,394,4421,114290,3272,32766,3038856,963,23842,1580058,242,3847,218716,233,5531,253887,85,84245,5591755,223,22672,750215,1138,15810,369288,164,1822,43165,75,1347,632175,147,3166,103871,65,1551,24447,1469,51694,1427303,745,8428,160980,10828,218394,4124613,2929,15245,377614,5531141,56955,73215,87863,56335,33978,29570,60055,78215,99528,65456,45975,53493,1259819,740638,2000457,2.56,2.64,2.41,20.60607039,36.6,75396,38768,39582,119777,221913,219400,199031,185937,181419,178165,178485,67167,93106,69347,34859,35734,109267,204719,203125,191163,173146,175971,179799,184516,72993,97899,5195942,924620,738258,146965,124149,15734,5692,1390,15777,13003,1768,932,74,15074,12019,1948,1045,62,8546,6972,765,715,94,3530684,2919988,415548,240570,73354,73689,27935,82697,63098,13085,5468,1046,77630,43338,20602,10682,3008,34821,23147,7861,3190,623,740638,656081,49912,30437,7476,5560,6439,19834,13540,3183,2187,924,11796,3256,3246,3052,2242,3015,1341,580,524,570,14.5,7.5,10.9
1779780,9,09,CT,Connecticut,0400000US09,Connecticut,89574,1536858,95781512,1197,39525,1028456,638,11057,425836,11,579,30692,156,9279,239334,210,2422,141170,2716,34294,3120922,527,12965,721869,390,4873,321791,128,4858,221007,41,63059,4067270,241,32265,1130825,942,14939,331272,101,1471,36876,28,269,10175,139,2266,79581,34,577,13228,412,23567,735480,310,2810,51879,7194,106047,2034577,2361,12741,283372,3581504,37397,50620,64036,43544,28605,29825,41013,57061,77287,55333,43497,59362,752625,587580,1340205,2.54,2.66,2.3,285.5495186,40.8,53233,25649,25684,75761,113032,109545,103316,105773,120774,132434,129374,48708,64859,51448,25902,24184,68310,106947,110324,107236,110698,128414,140516,136796,52427,69955,3396521,567642,447185,76185,64891,6895,3668,731,27873,25039,1799,978,57,10436,8197,1525,602,112,5963,5125,540,275,23,2241299,1701044,292969,168466,60511,46464,17528,160411,107370,35227,15103,2711,61271,35226,17264,7188,1593,25604,18591,4885,1832,296,587580,495285,30882,9734,6468,9051,5629,49732,26204,12045,8649,2834,8172,3106,1909,1880,1277,3509,2472,539,280,218,14.9,7.3,10
1779781,10,10,DE,Delaware,0400000US10,Delaware,25452,400714,21975836,252,8943,189102,177,2801,91302,3,7,383,88,1456,24955,47,423,10098,685,9080,831173,160,4409,218291,91,656,30168,33,830,26527,10,19595,1402556,36,4735,164182,348,5052,98419,27,148,5180,22,208,12622,31,949,26588,13,99,5123,230,5573,131680,66,514,10989,1733,33169,577604,465,2969,68977,949495,11587,14791,19562,13733,7817,6956,13216,17727,22783,16928,10547,11482,203426,167129,370555,2.58,2.61,2.51,188.1706285,40.2,12533,6729,6234,18042,33137,30102,27662,25972,28892,31832,31908,12523,16403,12535,6891,6062,17064,32966,30153,28834,27770,31116,34613,36267,12946,19754,894641,148572,126547,15799,13426,1767,575,31,2831,2146,482,193,10,2558,2161,236,161,0,837,697,100,40,0,578940,496927,43345,24787,8346,7839,2373,16658,11734,3153,1344,427,15624,9483,3790,1798,553,6386,5528,680,139,39,167129,155121,3513,1834,892,468,319,4742,3283,790,486,183,2845,1386,650,531,278,908,446,298,164,0,19.9,6.6,11.9
1702382,11,11,DC,District of Columbia,0400000US11,District of Columbia,23585,527004,40999824,309,5635,161991,148,1858,82128,13,243,14704,,,,102,903,59820,435,6754,794275,113,4258,235892,27,293,19024,20,571,29605,9,24433,1829641,14,2280,84769,271,4102,118192,49,1463,46038,8,2372,495397,35,977,37156,,,,129,15089,702893,170,4044,94033,2031,45603,1114213,279,1979,70230,684498,4706,6276,9434,5706,3549,3707,6290,8827,11387,8783,5798,7249,121737,81712,203449,2.29,2.43,2.2,4322.952569,33.9,9721,5493,5610,13801,37850,36999,28413,20714,19244,19208,17978,6526,8470,11942,6127,5333,17753,44563,40304,29082,20967,19030,18978,18475,7425,11043,639806,77045,61657,10662,7905,2378,377,2,2621,2303,204,106,8,833,656,135,42,0,1272,955,214,103,0,481049,394180,42561,24105,8463,8116,1877,22839,19537,2420,802,80,10385,7252,2113,806,214,11084,7012,2894,1168,10,81712,72342,4098,1883,725,786,704,2708,2101,489,118,0,1358,503,381,362,112,1206,847,188,94,77,21.1,14.5,16.8
294478,12,12,FL,Florida,0400000US12,Florida,557308,8385577,378219262,6337,207362,4468568,3622,49619,1925721,207,32413,2565834,86,2857,68098,1173,12759,462360,20152,197703,16339897,3046,60246,2819097,1622,24088,1329690,754,17062,728390,260,306926,18300898,844,100648,3238122,4296,57916,1128998,592,5863,147726,536,14801,1903459,347,8054,261101,321,66170,1482611,3473,181839,5363612,1769,20616,388269,33884,720252,12606276,9776,42243,960803,20598139,234111,339287,468884,353420,231596,204152,273603,388966,542743,403820,292005,331789,4148552,4064376,8212928,2.65,2.63,2.68,148.2422961,41.9,248252,139126,132153,385932,699552,650704,617492,618774,653838,695182,666945,258102,355805,230440,132337,128463,366157,674394,641298,629548,627945,672627,727190,732485,286049,414421,19480719,3031132,2160566,676957,562162,75697,30861,8237,138561,117769,13815,6001,976,36241,28066,6077,1818,280,18807,16046,1890,561,310,12385211,8425329,2950520,1668349,541338,476291,264542,685068,450242,145791,73008,16027,229458,130820,60481,30886,7271,94836,70133,17772,5332,1599,4064376,3224916,572201,172483,117881,145719,136118,198804,107834,43311,31670,15989,48852,20155,13635,9594,5468,19603,11984,4604,2027,988,23.6,10.3,14.8
1705317,13,13,GA,Georgia,0400000US13,Georgia,233500,3888928,191941305,3056,89527,1897288,1558,16944,695366,61,24826,2855833,31,765,14143,597,8852,387012,7496,91235,7442331,1273,22313,1305324,417,7012,412535,342,9963,385500,165,147803,8412731,437,37138,1086156,2304,37219,690833,213,2026,76000,97,2523,702212,158,3628,110448,181,4779,62994,2078,46854,1100041,426,5375,95734,17428,359936,5571177,3527,15763,360714,10297484,92412,129611,159804,101876,59748,43664,108999,150647,193751,132646,89416,89715,2501295,1352289,3853584,2.71,2.75,2.63,68.88776354,36.5,148729,80033,74218,213036,362366,338616,334236,330002,343056,340861,314971,118196,152215,142267,72963,70935,207461,365322,353480,356064,352249,361891,361447,341093,129881,178312,9641674,1845485,1553650,208797,169094,29017,8911,1775,33162,28353,3455,1304,50,32656,24747,5720,1968,221,17220,13763,2619,836,2,6443900,5483572,529412,253292,107571,120900,47649,184733,134234,33752,13128,3619,171055,90906,47675,26258,6216,75128,53534,14934,5448,1212,1352289,1264701,31828,13685,6729,5745,5669,28384,16583,5262,4243,2296,22071,5383,5472,7844,3372,5305,2901,1030,847,527,25.6,10.3,16
1779782,15,15,HI,Hawaii,0400000US15,Hawaii,32800,544056,24366355,436,12338,353906,178,1644,121679,57,9884,798464,11,971,23618,82,1156,17693,1107,6413,543568,219,7570,570191,58,1950,110995,44,985,52703,21,18575,1459225,51,5055,189543,266,2949,72175,52,1934,44418,11,13,1185,50,2137,67277,18,268,4320,333,42377,1903778,206,1707,33806,3126,64852,1378412,548,2828,64540,1422029,17589,22865,26963,18110,12013,13638,18366,23878,29417,20523,17498,25095,306501,245955,552456,3.02,3.15,2.84,85.48934942,38.9,15904,10783,10900,32176,55520,51456,45573,44904,43746,44538,45570,18777,25405,14438,7442,8410,27108,49267,48892,45560,41907,43226,45115,47219,18834,26903,1331641,216113,174344,4734,3831,815,88,0,1884,1600,231,30,23,34327,22392,9484,2329,122,824,695,129,0,0,869573,633432,22424,16399,3897,1655,473,10296,8147,1717,420,12,197446,101951,61273,31196,3026,5975,5248,662,65,0,245955,175726,1942,1462,337,84,59,2887,2240,498,132,17,64079,22091,18155,19371,4462,1321,1028,236,57,0,13.9,8,9.9
1779783,16,16,ID,Idaho,0400000US16,Idaho,47574,578134,23564597,322,12102,367656,145,2184,83413,17,1188,50214,20,1141,18314,64,873,11394,1084,8677,755956,274,5227,215926,70,715,30080,59,846,35950,44,30696,1811805,91,5689,178507,438,3829,60148,30,354,9763,18,129,2867,52,273,7021,19,609,18349,402,10247,208308,344,2112,26346,2832,50426,751263,462,2354,47143,1687809,18846,25230,30975,21128,13172,10544,19562,25567,33420,22757,15359,17241,439176,253801,692977,2.68,2.73,2.57,7.885123449,36.1,23499,12376,11366,35578,56883,54666,55210,50499,49737,50218,50707,21045,29642,22483,11899,10927,31239,54597,54060,53223,50272,48399,50705,54800,20943,29859,1573645,325012,286980,31397,25117,4445,1612,223,2623,2076,377,170,0,2184,1572,500,102,10,1828,1484,202,142,0,994832,876245,87752,49311,15309,15669,7463,13915,10504,2342,891,178,11271,6874,2921,1061,415,5649,3265,1711,566,107,253801,241226,7466,3386,1307,1434,1339,2804,1959,572,149,124,1411,500,365,295,251,894,627,116,89,62,20.2,9,13.8
1779784,17,17,IL,Illinois,0400000US17,Illinois,321135,5497629,301443641,3424,122128,2355697,1613,24851,1054488,110,30128,2446736,192,16835,334084,674,7957,249379,7868,92494,8876866,1572,30761,1610697,500,7702,490576,385,14173,588587,198,228928,13376608,745,73895,2278200,3051,37985,880162,375,7140,226726,162,3552,897789,215,6542,253314,167,3530,51400,1541,55533,1792043,2745,21907,369732,22544,416244,7263917,5219,29759,654802,12821497,126371,164710,210099,141562,95207,83698,141820,186378,250247,184258,140699,169854,2926561,1894903,4821464,2.59,2.7,2.39,89.17406024,37.9,172162,88740,90422,266135,454479,443198,420224,404320,413405,428672,423041,161290,214985,165114,86413,84799,258808,443317,438307,421333,406176,422013,442449,445723,171572,232936,12044540,2149604,1628215,373208,314104,39992,16774,2338,84981,73266,8504,2937,274,38976,30677,5450,2462,387,24224,20316,2475,1032,401,8000033,6047766,1131016,638454,219302,205434,67826,465301,307178,102577,46142,9404,261708,157046,67277,30305,7080,94242,62985,20649,8654,1954,1894903,1598396,112054,34035,26167,30405,21447,118509,54359,28546,26238,9366,54055,21090,14944,11327,6694,11889,4990,2950,2419,1530,20,8.8,13.1
448508,18,18,IN,Indiana,0400000US18,Indiana,148377,2779124,122892875,1250,44682,880316,865,14537,475058,26,2484,118497,83,870,14137,241,3494,65200,3937,67548,5957350,1044,21902,1068528,269,5406,291134,198,7389,268862,133,114832,6167262,490,42059,1315557,1425,15703,295355,109,1700,41808,125,3981,443116,154,2348,73104,179,1195,22236,1027,28215,663733,906,7139,108552,10698,232749,3347772,1967,10973,225538,6637426,69721,89334,111555,75560,49330,40967,75016,102245,129824,97057,70047,85407,1574293,996063,2570356,2.53,2.61,2.34,71.5322328,37.6,95055,49742,51584,144082,220237,209798,209675,200135,209750,219912,218036,84381,116561,90559,51239,48202,132855,217332,209565,209727,202177,209651,225242,230896,87895,122782,6219127,1155994,1039139,73460,60299,8459,4099,603,23791,16828,4655,1781,527,14225,10003,2950,1106,166,5379,4671,471,176,61,4067070,3693921,199187,106255,40581,42131,10220,84141,63173,16321,3884,763,68053,33466,19781,11309,3497,21768,13916,5816,1684,352,996063,953132,15935,7997,3553,2736,1649,18870,12011,4124,2126,609,6394,2326,1710,1527,831,1732,1113,264,163,192,22.6,7.5,14.1
1779785,19,19,IA,Iowa,0400000US19,Iowa,82685,1353681,58926050,655,40099,790930,399,6056,221784,12,503,11225,25,479,8378,155,1794,24904,1174,20285,1874870,374,6426,318588,77,1521,84825,128,2674,90535,130,68985,3704612,388,26128,724506,854,12059,185841,50,410,9073,62,425,17937,125,887,22877,37,427,13881,767,20629,455415,928,5518,67085,5143,92930,1300917,1157,5571,119826,3132499,34355,44239,55674,40005,27572,25495,35348,48052,62021,49756,39373,51422,730032,513312,1243344,2.41,2.51,2.18,21.65402698,38.1,47632,24697,23990,68978,99723,101108,99404,88682,93739,101437,104817,42679,57561,44690,23953,22498,64656,96093,96609,95418,87513,92343,102069,108571,41219,59076,2935069,532602,480928,31372,25627,4118,1473,154,9196,7538,1191,370,97,6947,4807,1426,685,29,4159,3056,625,451,27,1889155,1721407,82572,41675,16328,18008,6561,33256,22400,6523,3553,780,37875,16363,12424,6791,2297,14045,7343,4007,2309,386,513312,498669,4765,2527,719,564,955,5943,4193,844,635,271,3111,1084,633,1115,279,824,449,141,142,92,16,7.1,11.7
481813,20,20,KS,Kansas,0400000US20,Kansas,74947,1199162,52754605,590,24003,479384,397,5025,201599,15,141,3754,55,4042,62255,120,1838,24804,1457,20673,1724278,440,9077,397556,145,4434,302925,108,2782,139429,139,54136,2914216,292,18507,499877,585,7562,131570,55,656,12559,36,294,18658,136,1004,18718,28,414,6594,623,11096,214778,307,2602,26908,4828,100940,1455827,1039,5402,116487,2908776,30458,39388,47475,33026,23116,21564,31794,41515,54390,41954,32691,40406,715545,437777,1153322,2.52,2.62,2.3,13.73649394,36.5,42080,23953,24550,66267,99768,96800,92248,85304,84853,91287,96152,34742,50326,39314,21468,20205,60719,92544,94108,88271,84568,84162,92935,96511,38292,54027,2714574,521343,449512,57001,47509,7124,1846,522,5603,4587,663,255,98,6947,5207,1202,490,48,2280,1350,656,246,28,1755454,1532508,141472,72640,30761,27295,10776,28610,21383,4966,1798,463,40693,20309,12491,6349,1544,12171,8022,2367,1549,233,437777,415742,10552,4765,2083,1879,1825,5738,3889,904,662,283,4981,1310,1343,1850,478,764,465,123,110,66,17.7,7.6,12.4
1779786,21,21,KY,Kentucky,0400000US21,Kentucky,91241,1625006,67733358,990,31173,648161,823,10947,418461,23,3612,219877,9,334,9358,142,1914,32844,2833,34727,2986908,834,15033,743784,178,2064,124870,168,3638,144963,115,84614,4479923,316,30452,858145,908,11452,188954,52,824,19080,158,2793,117757,89,1651,41640,120,888,9801,744,14171,276610,307,2414,35357,6706,151890,2170656,1132,6082,121459,4440204,48132,63752,80795,53660,32428,25714,52792,72567,93662,67221,49036,51750,1012019,691509,1703528,2.49,2.55,2.37,43.41245709,38.7,59574,33654,33280,92523,149271,140310,138038,138912,142750,150321,150850,55450,78084,57976,32402,30630,84142,146552,138502,139907,137624,144818,156215,159114,61513,84264,4165764,737579,689540,25812,19597,4305,1661,249,10674,7895,1887,723,169,5981,4063,1257,661,0,5572,3481,1680,402,9,2736676,2571533,80754,39764,17691,17520,5779,41369,28552,9057,2982,778,27588,14056,7837,4706,989,15432,7982,4783,2107,560,691509,676573,4827,2549,1072,712,494,6266,4081,1291,560,334,3196,1192,841,751,412,647,364,168,71,44,27.1,10.8,17.9
1629543,22,22,LA,Louisiana,0400000US22,Louisiana,106599,1688674,75415899,1376,36214,739145,954,12065,481984,38,2431,151000,44,1620,31777,136,2627,38307,3666,37101,2810428,826,12543,527912,235,3182,166589,202,7136,343768,136,88056,4952252,297,28974,741443,1024,12050,205460,73,606,11352,54,1762,348561,99,2279,67024,47,631,9845,968,39995,1056930,772,6768,111971,7457,158118,2474314,1294,6250,137266,4663616,47911,63314,75941,51798,31648,25294,52318,70920,92211,66799,48288,50265,1108474,676707,1785181,2.61,2.68,2.49,41.67753584,36.6,61646,35539,35427,95651,171475,162487,151846,133405,137771,147343,149546,58353,78716,56229,35057,32991,94661,171621,164309,151197,139749,143848,157744,161386,63050,87388,4354277,799135,747868,32228,24166,5265,2274,523,8386,7457,622,292,15,7809,5844,1571,274,120,2844,2260,422,162,0,2878435,2644059,117549,57155,22924,25592,11878,64508,53087,7949,3194,278,40505,19581,10717,7999,2208,11814,7752,2843,970,249,676707,609831,11655,5966,2742,2004,943,47715,38929,6937,1802,47,6680,1978,1340,2237,1125,826,554,244,28,0,30.8,12.6,19.4
1779787,23,23,ME,Maine,0400000US23,Maine,41622,513745,22349651,575,17423,406226,203,2697,112017,13,282,8478,25,724,14393,92,844,14782,617,9819,746263,316,7221,403796,37,1030,52910,71,1545,43157,38,34761,2301569,97,9755,242732,634,4588,93389,44,324,11429,15,163,5606,121,722,24287,20,235,6998,723,8949,268887,120,1023,22380,2959,41210,818903,441,2175,48956,1332813,18783,24966,29707,19329,12801,11865,20023,25397,33552,23801,17484,21468,254661,259176,513837,2.33,2.44,2.03,16.68363929,44.6,16645,7905,7814,24183,39578,38216,36633,38475,43732,49817,52468,20335,28353,16257,8151,8287,21013,39039,39013,37688,39921,45494,51691,55803,22106,30359,1268376,190224,180680,2170,1631,247,292,0,3310,2879,293,138,0,1391,1123,186,72,10,2673,2184,316,154,19,818976,771715,8285,6472,1051,559,203,25741,21007,3276,1272,186,7432,4086,2011,1328,7,5803,3038,1668,882,215,259176,236403,1006,839,124,22,21,19819,15257,3459,1029,74,1273,410,427,393,43,675,459,54,32,130,19.4,8.8,12.5
1714934,24,24,MD,Maryland,0400000US24,Maryland,139446,2335479,126632897,1941,56196,1492931,880,12381,483226,15,5310,496690,349,6452,166216,272,2998,99196,4491,52278,4713887,1055,20916,1102502,402,7234,328472,129,6783,270584,52,98023,5841175,251,30618,1155099,1539,19388,435296,112,1839,70150,96,3053,491237,112,1966,63222,78,2024,32542,736,30517,992769,453,4761,91870,9954,188236,3418581,2409,17316,418965,6003435,59610,77909,96912,64474,41872,37089,69024,91215,118940,86661,60222,71409,1344177,875337,2219514,2.67,2.75,2.51,238.6947264,38.6,79087,41166,39688,117449,209055,201992,191659,181182,197922,211521,201096,73391,101386,75966,37006,37144,116894,207708,209316,201341,192099,213331,229151,220599,81418,115354,5637261,978003,795466,102683,81241,13848,6386,1208,34827,29467,3745,1479,136,27477,21735,4043,1599,100,17550,14704,1822,1003,21,3783921,3033757,322566,158118,68067,70082,26299,176649,130863,32035,11661,2090,152953,92320,38222,19073,3338,97996,75931,17246,4206,613,875337,769888,24901,10409,5363,5356,3773,38856,22573,7531,6300,2452,31408,11936,7592,8046,3834,10284,6900,1485,1225,674,13.3,7.6,9.4
606926,25,25,MA,Massachusetts,0400000US25,Massachusetts,179828,3316716,216666284,3067,87723,2160976,1173,30965,829512,57,8491,625210,149,10776,285114,354,4561,137325,3367,59401,6586455,960,33817,1800386,406,7720,555818,220,10774,481239,73,167508,10960485,485,53885,1917614,2207,30968,797745,187,2800,118188,27,3051,764019,302,5551,217655,72,2525,37943,940,30307,1133333,700,8218,160858,14321,245611,5111984,4037,23769,573197,6830193,70133,92677,120067,76277,54287,51154,80096,106104,142678,101225,79591,103935,1379897,1078224,2458121,2.53,2.69,2.26,338.0425945,39.4,103219,50860,51145,144653,249841,231315,203435,205395,223410,241487,233331,87325,119080,105793,51509,51423,142899,248151,234335,211385,214491,236974,254905,248449,95002,132260,6467512,1017216,784954,111477,91122,12186,6552,1617,71434,60675,7786,2628,345,34154,26359,5512,2067,216,15197,12311,2165,636,85,4372072,3260922,427486,239621,79826,70988,37051,402001,268378,85187,37841,10595,211133,114202,55284,32120,9527,70530,47756,15946,5632,1196,1078224,896046,42590,11731,8101,11119,11639,103229,47551,22477,22044,11157,29791,6195,5139,9640,8817,6568,3542,1009,1204,813,15.3,9,10.8
1779789,26,26,MI,Michigan,0400000US26,Michigan,222553,3859949,186678533,2629,64283,1354305,1777,18328,765196,52,12158,1128849,46,4855,105025,374,5478,109527,6630,80708,6732649,1306,28007,1499775,336,6612,372371,348,10765,443065,156,188457,10789167,504,49658,1486638,1789,19753,370702,162,2272,61732,85,1925,724074,191,4136,125860,123,1885,31298,1415,45635,1206163,1338,11286,181402,16196,315662,4819882,3139,17978,367496,9957488,113006,146845,185639,124857,79592,70555,122719,161277,213767,152714,114420,135553,2196098,1620944,3817042,2.49,2.57,2.28,67.92239612,39.7,138903,76663,74862,214985,331851,297916,291756,289022,320074,344126,350830,137589,186436,133123,72166,73251,205222,319172,296910,294852,294670,326234,354837,371246,143774,199976,9385114,1623724,1452724,68346,56304,8029,3662,351,38484,31279,4700,2115,390,22606,17325,3510,1602,169,41564,33833,5137,2237,357,6140446,5521464,190495,114992,33378,30011,12114,175314,123371,34746,14456,2741,120522,68946,33680,15108,2788,132651,75897,32113,18864,5777,1620944,1512109,21126,12627,3853,2465,2181,50857,30018,10559,7392,2888,17097,6993,4554,3500,2050,19755,6859,4619,4669,3608,24.2,8.3,15
662849,27,27,MN,Minnesota,0400000US27,Minnesota,151816,2685047,142129457,1140,47751,1059428,601,9059,356694,21,8145,785616,237,11521,232188,336,3369,79848,1559,35692,3544342,916,26476,1760228,131,2397,191043,225,6144,289976,136,117625,7305732,375,33170,995981,1447,20799,457376,234,3621,90391,85,2760,636484,203,2724,92344,48,769,27251,1141,35247,886949,919,9636,149311,8680,179406,3061204,2742,16820,379655,5527358,58582,75006,93172,63535,42503,41398,60585,80594,102752,77644,59403,74938,1291607,830112,2121719,2.49,2.6,2.21,26.80204832,37.9,72331,37892,36115,109878,188730,194922,182777,164773,174263,190011,194870,69964,100279,69724,35357,35401,107291,179320,189972,176299,161719,171011,190429,198585,72268,101458,5175618,939867,804030,55513,44474,7292,3131,616,14933,12100,1886,772,175,34064,21999,8690,3051,324,31327,23654,4979,2341,353,3405639,2983037,137508,69675,29642,28617,9574,71517,54340,12609,3936,632,128194,69087,33573,18369,7165,85383,46582,24436,11049,3316,830112,784668,7842,4186,1077,1344,1235,17109,10890,2556,2503,1160,12516,2990,2334,3950,3242,7977,3208,1190,1659,1920,14.1,7.2,10.1
1779790,28,28,MS,Mississippi,0400000US28,Mississippi,59294,939485,35366718,661,17484,325958,616,7244,287682,9,108,3885,14,564,8019,43,750,9197,1620,19179,1503704,363,6545,272076,116,1208,66714,101,2647,103299,88,64315,3653146,190,17160,482993,777,9267,151432,23,246,7151,7,113,1715,69,569,13908,31,205,2788,737,31991,845825,96,687,9204,4481,91593,1200220,509,2146,46377,2988762,30461,40787,51581,36006,20518,15226,33996,46741,61955,46106,32666,33435,720308,449478,1169786,2.62,2.62,2.6,24.59207972,37.2,45181,23790,22584,61421,100717,90580,92633,88342,88387,93735,94243,36691,49642,43900,22922,23078,58264,101372,96094,97471,92468,95135,101016,103293,39832,56185,2800187,531733,510950,15412,11280,2330,1493,309,1678,1330,155,193,0,2383,1975,284,124,0,1310,942,325,43,0,1818976,1739447,49683,23844,10682,10483,4674,10596,7731,2212,594,59,12758,6483,3911,2042,322,6492,4801,1089,449,153,449478,441058,2942,1896,376,408,262,3042,2132,442,423,45,1996,742,519,402,333,440,254,120,53,13,31.1,12.7,20.8
1779791,29,29,MO,Missouri,0400000US29,Missouri,150882,2517204,116773811,1261,47817,1001175,871,11513,494657,31,3625,229914,111,6849,121945,243,3343,76382,3356,44295,4143721,959,22058,993490,308,4455,241628,216,5018,247199,141,122706,7084374,546,46714,1191017,1524,19435,344243,190,3392,100833,50,2840,968992,166,2711,92511,89,4787,78263,1158,31849,799532,647,5643,92247,9994,210756,3169203,2048,10997,234263,6090062,64196,85541,112267,76976,50603,41833,70898,97292,131292,98004,70311,82479,1385063,981692,2366755,2.47,2.56,2.28,34.20406943,38.5,82610,45190,43901,125747,206022,198711,190079,175047,184785,203502,204846,78470,108973,76296,43329,41696,121392,205093,199198,188912,179482,189784,209889,220493,83330,116530,5717130,1012131,943203,34688,27547,5244,1647,250,18004,13062,2724,1800,418,9528,6333,1959,1150,86,6708,5193,821,612,82,3723307,3473857,101849,60575,18356,16424,6494,69416,50139,12712,5291,1274,55431,30394,15291,8100,1646,22754,14471,5642,2022,619,981692,950645,9294,5447,1445,1370,1032,12501,8331,2325,1290,555,7455,2786,1788,2031,850,1797,974,278,283,262,22.4,8.6,14.2
767982,30,30,MT,Montana,0400000US30,Montana,38192,376565,14773193,281,9637,227705,117,1112,49198,29,648,19945,48,1161,15656,98,722,15755,470,7525,804488,192,3851,163099,33,181,11062,74,1087,40118,63,23308,1311839,61,4545,128878,456,3376,54176,32,358,8271,22,80,2849,81,367,9684,11,42,1371,615,10736,244387,533,4178,59402,2165,35223,577750,283,1323,29012,1041732,13700,18214,23139,15307,9545,7930,13298,18546,22874,16596,11503,13171,227592,183823,411415,2.39,2.47,2.23,2.763487987,39.8,13789,8742,7621,22453,34244,33057,32959,29195,29955,33003,36495,15636,22215,12649,6482,6914,21223,32246,32412,31222,27533,29146,33798,38760,15851,22717,979922,165782,159247,2942,2453,342,147,0,1718,1403,154,105,56,457,384,37,33,3,1418,1121,248,49,0,630317,602144,10314,7843,1238,952,281,8410,6922,1070,398,20,3745,2277,1122,307,39,5704,5115,403,186,0,183823,178325,1506,1101,275,125,5,2427,1948,298,146,35,479,188,174,15,102,1086,981,86,19,0,19.3,8.4,13.7
1779792,31,31,NE,Nebraska,0400000US31,Nebraska,54954,833472,36415429,449,19674,378127,257,3615,141744,14,473,13139,37,1511,26642,85,1154,14208,1010,14326,1470213,313,4439,190720,55,763,44978,77,1658,62854,93,40408,2352253,164,14157,384110,694,9030,155454,38,466,10285,20,648,9297,72,1917,45761,23,334,3685,475,8026,150385,547,3933,50987,3291,62076,934179,843,3847,79219,1904760,19820,24724,31581,22081,15354,14064,20290,27509,35129,26737,21525,27266,472518,286080,758598,2.46,2.58,2.22,9.573743424,36.4,27307,13668,14948,41167,64390,65885,62535,55944,55660,59732,62220,24543,31666,25586,14545,13137,39421,60569,63533,60669,53511,53974,59682,63150,24256,34464,1772948,340706,294148,35114,26490,6165,2165,294,3459,2580,560,166,153,5072,2680,1518,858,16,2913,1796,727,334,56,1146162,1006598,90238,42284,19045,21826,7083,17317,12427,3021,1471,398,21440,9032,6084,4801,1523,10569,5829,2655,1665,420,286080,273321,5799,2790,903,1085,1021,4334,3087,639,401,207,2122,489,460,546,627,504,268,81,133,22,17.4,7.6,11.6
1779793,32,32,NV,Nevada,0400000US32,Nevada,66430,1191625,50960493,572,20796,572054,327,4682,200902,26,6447,534263,6,,,186,2239,46756,2376,19054,1622632,365,6050,299464,208,3065,173863,99,3177,145980,39,37047,2358790,71,8237,283187,332,5220,105496,154,2736,177074,44,907,104871,42,816,21233,56,679,10184,577,191086,6888731,665,9827,240045,5251,110835,2192580,929,5937,128721,2922849,30857,43429,57648,37116,22677,15710,33653,46380,61156,40082,25384,23959,674476,438051,1112527,2.68,2.72,2.64,10.27979486,37.9,33737,19239,18535,55066,109890,106517,99481,97941,99550,98101,92745,35012,49290,30908,17688,17213,54537,105969,102119,96169,96375,95944,95051,93462,36928,52855,2740538,492165,333287,136809,119405,11687,4782,935,5731,4904,590,237,0,12977,10516,1892,558,11,3361,2980,329,34,18,1810322,1222290,408804,217861,75646,78121,37176,45931,33214,9075,3122,520,112494,70108,28022,12584,1780,20803,13153,5768,1496,386,438051,351925,37676,15491,6090,8277,7818,13821,9460,2847,1122,392,31576,15996,8847,5372,1361,3053,1956,568,214,315,21.7,8.8,13.7
1779794,33,33,NH,New Hampshire,0400000US33,New Hampshire,38371,603923,30634092,442,20894,423962,196,2936,120180,5,160,7114,44,2701,53643,65,753,33878,742,9347,933972,199,8612,687366,55,537,32143,57,1110,44930,27,26977,1564417,98,7404,252643,485,5381,114611,46,164,5921,18,210,8566,69,482,14005,49,389,25085,437,8441,199629,28,450,10477,2863,46588,893505,699,3999,87725,1343622,16994,21998,26638,16705,11045,10522,17026,23587,29472,20468,14689,18840,262563,227984,490547,2.46,2.59,2.15,57.94118162,42.7,19324,9623,8856,28068,42722,40204,38624,38820,46684,52806,54593,19758,26922,19456,9195,9239,25183,39176,39439,38050,40177,47359,54071,55894,21091,27741,1279543,198484,184898,5410,4572,508,233,97,4143,3344,567,232,0,2581,1987,419,175,0,1452,851,537,57,7,853075,784060,20274,12367,3960,3191,756,27901,20900,4473,2080,448,15490,9022,4476,1841,151,5350,3523,1275,292,260,227984,210028,2092,1135,199,542,216,13766,10315,2164,1000,287,1723,648,402,571,102,375,152,61,97,65,12.4,5.4,7.9
1779795,34,34,NJ,New Jersey,0400000US34,New Jersey,233907,3679443,220310440,3890,92437,2278096,1799,25195,898582,47,16465,1449836,292,15490,314921,379,5170,150959,8630,83359,7344783,1239,26967,1408151,636,18189,1094429,312,8082,349348,81,137857,9002544,385,50307,1824701,2441,38241,851306,215,2132,62346,107,2830,549998,126,1692,45903,142,4481,99223,1126,45496,1402616,922,7754,141799,17447,230135,4273735,7050,38582,757486,8881845,86995,118292,148824,102064,67531,65621,99856,135876,182702,133834,103217,132051,1973402,1376863,3350265,2.71,2.81,2.52,466.2917967,39.8,112019,56134,58760,172487,290424,285524,283386,282410,304386,322210,308091,112999,150687,104436,54403,53892,166770,276273,283444,289582,287846,319607,340042,328115,124350,163303,8360161,1451718,1023487,261334,216275,28384,13011,3664,87650,76896,7454,3033,267,54634,46028,5888,2524,194,24613,21194,2702,555,162,5531580,3686714,969921,511891,181058,189103,87869,479679,326938,99542,44907,8292,291649,183175,71218,32469,4787,103617,74870,19947,7061,1739,1376863,1059701,124803,35325,27933,35446,26099,121789,57016,31603,24228,8942,56035,20072,14924,14456,6583,14535,7680,3426,2273,1156,16.5,8.3,10.4
897535,35,35,NM,New Mexico,0400000US35,New Mexico,44039,626466,25723101,279,13052,320890,179,3396,132168,9,332,16630,58,1863,30213,86,1564,30399,1038,10218,799160,333,6692,335962,113,2313,103196,88,2145,107886,44,33318,2170170,69,5957,205177,394,5844,116137,53,487,16683,20,1209,32394,56,523,16771,17,371,5373,697,17736,418391,109,1328,20747,3305,69315,1090115,456,2062,42289,2092434,23323,31120,41466,27747,17926,14142,26582,34992,45445,32319,23045,23408,494164,341515,835679,2.64,2.69,2.54,6.659639077,37.5,28906,14532,16461,46280,72920,71647,65487,58525,59422,64072,66737,26595,36576,27228,15083,14125,41375,68360,67732,62609,60633,61011,67898,73080,28397,41064,1964077,365807,257684,89020,74819,9917,3652,632,2436,2165,190,81,0,2276,1947,263,66,0,14391,12869,1422,86,14,1256755,802634,350825,245110,46937,38599,20179,15006,11885,2217,788,116,13947,8700,3343,1556,348,74343,64446,8084,1629,184,341515,221094,96073,69549,12584,7068,6872,5137,4087,695,325,30,3090,1480,634,649,327,16121,10082,2999,2241,799,31.9,12.2,20
1779796,36,36,NY,New York,0400000US36,New York,547034,8261269,547344236,12569,189651,4452045,4731,64369,2346933,184,27767,2693620,361,40667,1183329,2715,32061,1811896,15670,146091,11714245,2105,59617,3250395,1163,17264,1322448,637,20353,845529,264,421102,32385616,707,127922,5077481,6242,81582,1964059,1394,20813,1012098,260,9375,1672386,635,18566,912653,200,2344,62037,2614,100798,4494420,3391,29456,709202,44599,605037,13530122,14649,68368,1379687,19618453,197948,258792,328161,226282,153959,144728,228196,302021,404448,302182,228389,293583,4141633,3068689,7210322,2.6,2.75,2.43,160.7422341,38.7,260177,139796,136000,405268,742377,684918,616111,585959,631943,668150,648749,246711,327039,254251,135247,133323,406416,741922,691625,635317,608683,664013,711540,693619,275065,363912,18454847,2978027,2085971,483087,386435,64000,26585,6067,239641,173421,38359,20400,7461,107990,72073,27380,7920,617,61338,50184,7951,2641,562,12408131,8464190,1976627,1063346,378361,382440,152480,1052886,677746,251977,104362,18801,685235,297313,176169,160559,51194,229193,158305,47203,18541,5144,3068689,2279858,309889,95978,66497,85159,62255,300706,130564,75597,68252,26293,144346,28067,27755,46529,41995,33890,19854,8023,4451,1562,21.9,11.5,14.6
1027616,37,37,NC,North Carolina,0400000US37,North Carolina,233363,3774377,175695531,2648,93642,1867445,1609,20666,841898,41,15218,1041658,36,795,14665,394,5800,124217,5365,71124,6310109,1352,23193,1091396,530,14998,1032067,302,7333,284618,130,186019,10456644,478,42994,1260892,2590,33877,650210,168,1704,41894,215,6817,864457,199,3477,95402,151,3967,61478,1925,46088,1056378,702,6226,104120,17412,358290,5448859,3024,14370,334933,10155624,106784,146604,181219,120326,73844,56327,121442,166596,219244,154668,109841,114103,2292616,1570998,3863614,2.52,2.57,2.44,80.64905608,38.6,143919,79011,76073,208855,344310,318284,310634,323661,335652,335438,323640,122190,167443,136995,68980,67299,200102,347356,329535,328935,336015,350558,354986,353337,135186,193616,9552431,1689423,1431964,200190,160766,26756,10012,2656,20662,16862,2270,1414,116,25289,19017,4172,1898,202,11318,8792,1407,934,185,6292010,5514594,488141,233991,97458,106766,49926,125658,92410,21484,9402,2362,121220,71147,28332,17934,3807,42397,28716,9089,3619,973,1570998,1499486,28568,12907,4638,5700,5323,25067,16314,4166,3159,1428,14128,4646,3717,3667,2098,3749,2152,915,359,323,24.7,9.2,15.4
1779797,38,38,ND,North Dakota,0400000US38,North Dakota,24596,340521,16337205,190,6229,125388,164,1508,73598,5,,,24,541,11959,36,395,6697,180,4599,381213,93,3193,255222,13,485,27892,75,1536,50544,46,18901,1196386,76,8782,271486,331,3369,53520,18,112,2256,10,100,2364,48,234,5646,11,68,1421,345,8944,179974,392,2817,38256,1240,24471,393986,351,1745,39430,752201,7980,9235,11960,8477,5855,6358,7066,9498,12989,9973,9017,11502,173718,109910,283628,2.31,2.49,2.01,4.209117432,35.1,11561,6919,7400,21228,32642,29397,24267,21177,20737,23332,25372,9776,13204,10118,5608,5796,19620,27263,24204,21413,19044,19537,22380,24497,8991,13090,699381,120898,114842,2240,1899,211,106,24,1736,1484,228,12,12,636,519,83,34,0,1444,1241,76,106,21,468573,437628,10071,7220,1725,1047,79,10631,7126,2293,1042,170,4325,2595,1115,462,153,5918,3909,1326,559,124,109910,104353,373,279,52,31,11,4407,3395,657,312,43,261,158,66,15,22,516,399,75,42,0,14.4,9.1,10.9
1085497,39,39,OH,Ohio,0400000US39,Ohio,253001,4815946,224627609,3348,102451,2153630,1507,20970,800863,45,4759,283188,78,3967,80757,374,4939,105424,6707,95908,9136699,1859,40237,1894004,423,7379,424486,358,11713,461603,195,250622,14525627,926,88700,2504094,2697,35551,681758,157,3251,108543,112,7745,1220372,253,6856,218974,301,4459,159639,1468,33044,665419,1858,12030,168823,19322,407013,5988540,4141,27450,565545,11641879,129721,169754,204267,144488,92737,84266,142146,189626,245127,186771,136152,167806,2618168,1892861,4511029,2.43,2.53,2.24,110.0066326,39.3,159095,83433,81108,229404,393824,363447,350595,342335,368484,392569,405748,157204,212336,152101,78172,79030,224283,385070,363140,351759,348864,376196,407180,429172,166350,229951,10945946,1922235,1780951,54623,44366,5673,4007,577,50794,34376,11174,3889,1355,18071,13592,2844,1390,245,17796,13909,2291,1385,211,7130850,6591945,175664,107574,32050,26752,9288,183874,129705,38029,12539,3601,101957,57665,27663,13345,3284,77410,49968,16535,8827,2080,1892861,1802075,20233,11174,4229,3019,1811,47592,27906,11141,5892,2653,13530,5312,3406,2944,1868,9431,5020,1671,1342,1398,24.3,8.1,14.5
1102857,40,40,OK,Oklahoma,0400000US40,Oklahoma,93674,1360720,59669532,743,21132,449782,620,7662,318259,13,,,17,257,4284,144,2586,33767,2667,22942,2042334,591,10349,454709,259,3188,150946,154,4019,168627,120,65553,3777242,351,22473,559054,992,11200,206935,64,702,17803,39,1487,174847,104,1367,46440,34,790,11016,875,21839,535767,402,3138,44066,6392,129215,1839595,956,4424,90972,3918137,39034,51888,68963,47262,30719,24241,42598,60063,78917,58739,42796,44010,958706,589230,1547936,2.58,2.62,2.5,22.0537683,36.4,55006,30637,29915,84040,139956,135278,125658,116665,114931,121758,124069,46274,64471,50273,30957,27648,76954,134805,131742,122208,116843,114977,124032,130974,49921,70209,3654145,694714,610423,68447,56167,8239,3362,679,3977,3308,423,241,5,7705,5663,1668,337,37,4162,3706,312,137,7,2370201,2104541,178946,90989,36990,36975,13992,24997,19895,3720,1052,330,42367,21787,11427,7516,1637,19350,15030,3169,1037,114,589230,562328,12139,5630,2016,2347,2146,5213,3675,926,415,197,5340,1675,1294,1527,844,4210,3348,590,243,29,24.8,8.6,16
1155107,41,41,OR,Oregon,0400000US41,Oregon,117357,1596637,79111280,1598,36725,944859,318,5144,197977,28,4050,262798,47,3076,63612,302,3230,120786,2385,33399,2604048,718,18481,1207480,181,2819,198441,123,3881,182278,63,71493,4960736,174,13279,487956,1261,12313,259578,129,2293,61135,42,888,212345,129,1762,55097,41,877,14121,1103,25866,655412,860,7704,139335,8925,139894,2641100,1567,7759,165789,4081943,49550,66626,80271,52718,32741,29863,53351,72996,89182,60376,41473,53399,868178,682546,1550724,2.51,2.58,2.39,16.41926056,39.2,49816,27326,26926,81255,145960,144020,141355,130661,129889,127306,128966,53391,79320,48213,27353,26395,75788,140633,141840,138795,126958,127705,129210,137946,58438,85754,3850016,636251,506737,93869,77109,12194,3944,622,14149,11703,1446,863,137,16711,12492,2871,1215,133,4785,3731,643,310,101,2531219,2117537,238867,129200,44494,45524,19649,66884,50093,9666,5356,1769,90011,48681,24983,12900,3447,17920,11310,3915,2168,527,682546,633195,17500,8666,2905,3244,2685,16507,10499,2380,2245,1383,13395,3496,3657,3731,2511,1949,1228,228,359,134,20.1,8,14.1
1779798,42,42,PA,Pennsylvania,0400000US42,Pennsylvania,302772,5433660,270592656,3777,133301,2689732,2423,32961,1197537,61,12226,875332,614,25970,451845,463,6433,144305,8550,122421,11434253,1980,51685,2657610,683,11626,791678,713,20477,802180,257,265033,15286108,611,73869,2527327,3814,46019,924186,298,4254,149192,156,8401,1236020,379,7534,244559,182,5559,157805,1614,53065,1301001,2472,15693,239022,21834,367367,5563662,7401,40219,828679,12791181,144701,194334,239173,166919,115288,107663,158387,216160,283264,216092,171292,216588,2675330,2229861,4905191,2.46,2.57,2.22,110.3787596,40.7,178501,89843,86600,251752,438627,407723,376257,369650,409982,443672,455388,176595,240840,173742,86458,87445,240147,422317,399081,373085,376230,418134,459506,479286,187882,257247,12081931,1966080,1728816,117072,93489,14247,7507,1829,72649,54114,12195,4956,1384,33841,25302,5747,2589,203,13702,11358,1582,642,120,7885990,6921986,432526,250639,83655,67995,30237,287939,199440,59958,23141,5400,182464,93742,48408,32634,7680,61075,40487,14984,4589,1015,2229861,2070658,43285,16325,8223,10604,8133,80824,48373,16064,11429,4958,27855,7752,5843,8762,5498,7239,3949,1405,1327,558,20.1,8.1,12.8
1219835,44,44,RI,Rhode Island,0400000US44,Rhode Island,28783,435978,20945444,336,9306,245998,237,4406,163032,7,244,12320,38,2262,47330,46,520,11341,729,9053,809051,175,4811,233430,131,1474,81126,26,1003,36624,10,18815,1190016,78,10362,354638,272,4116,90646,26,659,12202,8,136,6887,55,629,19943,11,116,2269,192,6743,244250,234,1852,32629,2472,39109,737241,575,2432,50752,1056611,11275,15214,18719,12281,8990,8167,12566,16933,22093,15583,13579,18810,208869,174210,383079,2.47,2.62,2.24,394.5847077,39.9,17232,8511,7754,23724,38292,34148,31068,30035,33847,37099,36680,14153,19099,18342,9246,9190,20555,36762,33675,32049,30259,35915,39784,40052,15277,20784,1002024,154282,119018,25641,21710,2754,945,232,6359,5540,496,263,60,2368,1884,410,66,8,896,711,155,30,0,673532,517489,87211,45590,18125,15748,7748,44275,32306,7773,3115,1081,18532,10057,5336,2500,639,6025,4486,944,389,206,174210,144335,8157,1431,1591,2463,2672,18523,10359,3776,3047,1341,2163,689,469,668,337,1032,488,224,231,89,20.1,9.9,13.1
1779799,45,45,SC,South Carolina,0400000US45,South Carolina,109238,1866451,76707295,1289,46786,879737,774,9322,387879,30,921,33995,16,171,5252,135,2047,38410,2483,32378,2681186,681,9673,407138,175,1647,85270,176,5029,167007,85,76893,4378171,199,20858,656168,902,12027,209241,88,1185,17872,55,697,20948,102,1904,42339,56,930,17887,1153,30303,715874,361,3723,65497,8671,178991,2767161,1496,6807,150088,4955925,55157,81342,100618,64710,37848,28206,64851,91210,117489,77941,53344,56367,1096251,829083,1925334,2.54,2.56,2.5,63.64772604,39.2,70760,38450,38070,97990,167118,153268,145983,148438,151865,160572,156799,62383,87687,66402,32596,33800,96604,171078,157998,156178,152677,161955,173441,177514,71357,99608,4665835,806161,734698,53383,42368,7285,3204,526,9089,7808,813,412,56,6441,4556,1205,644,36,2550,1940,275,243,92,3030591,2802354,145631,71265,29364,33815,11187,41815,31478,6932,3170,235,32171,17170,9063,5045,893,8620,6515,1393,610,102,829083,801362,10298,5736,1995,1505,1062,10671,7452,1717,1103,399,5612,2472,1509,1256,375,1140,854,184,102,0,26,9.2,16
1785534,46,46,SD,South Dakota,0400000US46,South Dakota,27099,359643,14719422,226,8795,167220,114,1608,52328,12,252,6715,20,498,8497,50,534,6769,256,5069,390093,110,2520,339395,22,181,16502,59,791,30653,58,31330,1893137,82,5497,140050,259,3305,54669,22,221,4098,26,101,2934,57,407,14393,18,77,2504,488,8732,182112,327,2651,35949,1467,25627,392626,281,1480,31215,864289,10764,12331,14955,10305,7280,7071,9643,12936,15953,12326,10051,13193,213066,136808,349874,2.43,2.54,2.2,4.401845102,36.8,12278,6402,6585,18210,30057,29579,27302,24139,24337,27377,29641,11162,16463,11125,6060,5710,17770,27370,27283,25175,22987,23068,26921,29562,11194,16658,803882,152659,142873,3693,2560,741,343,49,1924,1375,409,133,7,1507,744,498,226,39,2662,2121,297,100,144,514415,477414,11691,6948,2057,2009,677,8215,5648,1509,834,224,5569,2349,1552,1274,394,11526,8726,1706,926,168,136808,131704,719,582,43,51,43,2120,1634,335,117,34,381,117,187,61,16,1884,1592,173,106,13,20.6,9.2,13.6
1325873,47,47,TN,Tennessee,0400000US47,Tennessee,137918,2650007,120113689,1408,41692,854780,1097,14992,632737,25,2353,100463,136,1108,22261,294,3878,107812,4505,65971,5644220,1055,21952,1060632,310,6733,394317,242,8351,397558,141,127601,7425178,346,36368,1099068,1266,16165,281581,509,4607,466020,44,1685,468484,151,3942,111715,182,3299,67126,1452,33208,802096,335,4937,111184,10855,238839,3799232,1714,10806,255472,6651089,73255,97969,121065,82041,49804,36568,79854,109710,143874,102340,72716,76017,1501394,1045213,2546607,2.53,2.57,2.45,62.27452344,38.7,85935,47663,46618,133615,230485,211847,206381,207751,215466,219604,213346,81849,115819,81318,44847,44571,134422,233417,217262,215136,208908,222042,233143,234924,89965,128148,6247498,1097803,995749,70483,54278,9943,4927,1335,12207,9939,1182,928,158,9879,7444,1702,645,88,9485,6769,1828,784,104,4104482,3791475,173786,81513,36114,41725,14434,54474,40107,9906,3605,856,52820,28672,13650,8680,1818,31927,16661,8621,5564,1081,1045213,1016943,10436,5533,1767,1738,1398,9179,6434,1282,1035,428,6871,2264,1866,1891,850,1784,1085,217,260,222,27,9.4,16.1
1779801,48,48,TX,Texas,0400000US48,Texas,592677,10580160,544772560,6276,220998,5319565,3263,46670,1705128,171,62383,5621823,118,8179,200496,946,20599,433740,22149,203996,17401809,3226,61262,3525201,1497,26369,1522767,1117,26743,1199684,479,349453,20821318,1456,114105,3312211,5623,82314,1544926,454,6294,206222,201,7117,1599788,446,10171,309527,353,17777,247952,5260,121480,2941236,2709,34682,600597,45139,989512,16290879,7816,45111,1095417,27885195,233802,313318,388615,257255,163601,128783,261133,349061,454786,320550,229762,237148,7292686,3337814,10630500,2.86,2.99,2.64,41.21046967,34.4,403141,217800,209558,604014,1055421,1024764,960504,924390,882591,857779,812347,295067,397084,375799,198864,195571,572403,1014280,999832,955466,927222,895104,875566,846531,319394,434203,25886326,5293817,3412474,1658832,1241168,287948,104790,24926,76580,63707,9352,2859,662,106327,81058,16999,7435,835,39604,30314,6270,2238,782,17254695,10812013,5276172,3006254,911624,844321,513973,418883,316173,74959,23173,4578,563959,318696,149901,78898,16464,183668,130744,36361,12948,3615,3337814,2464331,696375,310367,124520,122294,139194,74862,46467,15374,8925,4096,87197,26419,23431,24606,12741,15049,8254,3204,2468,1123,23.8,10.7,15.5
1455989,49,49,UT,Utah,0400000US49,Utah,80140,1282455,58191764,478,23091,537623,251,3605,143116,12,,,8,211,3228,277,9018,169198,2029,20384,1734775,394,6429,304696,89,1585,107314,84,2054,83922,62,38216,2176262,101,8312,248868,526,6316,108279,59,847,25986,35,436,21775,36,1257,29822,34,1301,38423,662,20092,503115,144,1520,21110,4666,92734,1411473,1154,5826,108192,3045350,23124,29952,37894,25777,16723,14625,24589,32648,42337,30080,22096,20424,919049,320269,1239318,3.13,3.25,2.85,14.30505918,30.7,45260,22094,26760,81064,117104,111862,112895,96042,81757,75563,73856,28600,39689,44672,22595,26643,75148,112311,108535,108431,93095,79317,75897,75493,29752,41597,2792485,666184,570723,74513,65475,5893,2704,441,7507,6348,573,405,181,9181,7086,1420,675,0,4260,3222,570,410,58,1806032,1505241,199759,117936,38494,34087,9242,39477,31590,5515,1824,548,46407,29797,10533,5070,1007,15148,11442,2330,1059,317,320269,292028,14120,6797,2714,2736,1873,7240,5138,1104,659,339,5173,2007,1190,1426,550,1708,1000,331,242,135,13.1,6.4,10.3
1779802,50,50,VT,Vermont,0400000US50,Vermont,21158,258876,11052209,306,9117,212314,106,1459,57076,5,192,4401,19,674,12208,52,405,9088,308,3886,253606,156,4879,204524,11,130,1857,57,1079,34354,15,14185,919038,51,3843,124622,276,2512,56932,30,564,11493,7,17,950,55,521,16628,9,72,715,368,12192,237646,101,738,9963,1252,17285,328783,230,1028,26662,624977,8240,10721,14106,8228,5924,4628,8110,12301,14778,10214,7240,9060,118346,113550,231896,2.31,2.41,2.07,26.17795066,42.9,10848,5426,5569,12681,18658,18035,17074,17672,19930,22383,23844,9566,13424,10178,5216,5016,12002,17823,18298,18188,17616,20166,23822,25428,10368,13850,595301,88670,83973,1049,893,108,42,6,2371,1979,264,128,0,706,540,136,15,15,571,445,79,0,47,393081,369447,4774,3849,531,346,48,12924,10282,1588,777,277,4106,2392,1122,489,103,1830,1046,437,244,103,113550,107674,628,486,87,30,25,4713,3419,779,414,101,382,130,140,41,71,153,135,18,0,0,15.4,7.6,11.2
1779803,51,51,VA,Virginia,0400000US51,Virginia,201893,3310542,177105769,2628,80486,1908727,1101,14947,603317,71,12474,955465,18,826,24600,310,5904,159643,5233,65732,5900422,994,20155,1206087,357,7132,450640,269,6935,291104,92,111135,7171018,305,32486,1068592,1961,27568,560784,172,4560,159141,86,1372,257665,221,5430,169191,98,6065,78983,1644,47020,1144574,178,3183,57979,15005,289621,4683298,3936,21642,545763,8413774,85367,114500,141649,93247,59520,49527,95987,129726,165511,118607,82787,93818,1867427,1230246,3097673,2.61,2.67,2.5,82.28008837,38.1,117869,62634,61179,179327,299119,292064,275908,268434,277972,288812,275455,103456,138449,114625,58370,56928,165063,290642,288636,281439,270497,286761,303545,292016,113703,153198,7903819,1357472,1139381,119914,96964,15735,5979,1236,38712,33393,3754,1413,152,37346,29791,4954,2280,321,22119,18249,2754,1051,65,5316101,4380644,412413,214677,89552,84136,24048,206989,157523,35508,11738,2220,217654,130458,55271,28062,3863,98401,69257,21397,6845,902,1230246,1112439,30020,14214,6152,5759,3895,38446,23380,7278,5320,2468,39911,13770,10630,10802,4709,9430,5073,1866,1340,1151,15.7,7.6,10.9
1779804,53,53,WA,Washington,0400000US53,Washington,191045,2768660,169766372,2051,55908,1627831,663,10968,444136,62,12776,1166732,23,2174,73223,428,5136,134012,3328,53970,4881224,1129,34413,2345001,355,7586,474068,205,5620,312766,110,113334,7939836,334,23385,826986,2294,21490,514918,181,3597,99889,87,2360,433570,175,3229,115596,60,883,17509,1378,41520,1282335,902,8703,189652,14132,221052,4702675,3885,19715,493936,7294336,79013,101916,129502,79848,52733,46014,82458,114092,143506,95236,66736,82445,1632875,1073499,2706374,2.55,2.65,2.39,42.38118824,37.6,89674,50995,49221,153213,285382,273997,253272,231804,236156,237502,240142,91135,128404,84684,45955,45545,140231,265299,261517,246460,224820,231612,238984,247031,97320,137607,6841328,1179867,916440,156712,124582,22156,8435,1539,43092,35494,5107,2185,306,48353,36626,7998,3461,268,15270,11390,2285,1369,226,4587962,3647976,394029,206512,74232,79775,33510,190892,137533,33443,17005,2911,296634,171620,79108,38779,7127,58431,34756,15856,6007,1812,1073499,950436,28388,13147,4551,5491,5199,34627,18872,5466,5161,5128,55459,15680,15636,16697,7446,4589,2180,849,629,931,15.6,7.7,11.5
1779805,54,54,WV,West Virginia,0400000US54,West Virginia,36522,549413,22287060,424,11473,238431,413,4764,185382,7,52,2035,237,9300,169370,41,513,6755,1094,11618,992240,396,10271,513598,61,634,35187,82,1765,61079,59,49157,2901649,150,11650,352396,363,4575,75277,23,275,4163,30,740,18430,39,193,3570,24,141,2649,351,11432,263100,367,1770,24705,2741,52680,748432,379,1928,39853,1829054,23682,34347,39409,28334,16488,13461,25817,35548,43909,33205,23833,26686,373373,344719,718092,2.42,2.47,2.29,29.37461956,42.4,23822,12696,13304,34599,56442,53366,54838,57543,59124,61837,64397,26362,38742,21573,12830,11802,32971,54446,51994,53372,57009,58670,63121,67839,27711,40552,1729763,274082,268371,2905,1879,421,594,11,1377,1186,142,49,0,958,853,40,65,0,471,404,44,0,23,1110962,1079377,12852,8556,2028,1785,483,8955,7353,1112,469,21,6845,4111,1665,824,245,2933,2095,526,293,19,344719,339151,1432,936,149,287,60,2419,1624,408,322,65,1074,654,188,199,33,643,449,62,92,40,28.7,9.4,17.8
1779806,55,55,WI,Wisconsin,0400000US55,Wisconsin,142136,2561381,121061234,1136,48848,946189,637,11560,446267,25,2146,115885,3,317,6802,226,3078,57395,2427,46959,4604220,845,26020,1908517,154,4876,337070,239,7154,301130,137,108183,5920095,397,29966,840521,1596,19247,381443,146,1946,43642,62,3454,493807,200,2079,55436,76,1205,23519,1241,31231,661971,2743,15027,184407,9734,182476,2604305,2623,15191,316440,5778394,67157,85515,102331,71432,48926,42399,67740,88529,116096,85194,65760,83616,1288943,924695,2213638,2.4,2.52,2.17,41.18891128,39.3,79564,41934,42312,120433,185965,186545,182487,168620,183678,204999,210262,79682,108551,76762,40119,40702,116736,175496,181898,175676,167561,182165,206834,214517,79666,111592,5442474,953023,846658,65608,52547,8153,4146,762,18516,13476,3249,1405,386,18236,12229,4250,1588,169,4005,3134,625,226,20,3564756,3238230,170430,93642,36503,31394,8891,68205,52067,12051,3414,673,72376,41356,18345,9841,2834,15515,10632,3443,1056,384,924695,883097,13792,6626,2820,2412,1934,19392,13010,3954,1967,461,6182,1970,1503,1572,1137,2232,1431,267,319,215,18.4,7.6,11.9
1779807,56,56,WY,Wyoming,0400000US56,Wyoming,21148,201864,9436110,109,4183,118779,47,549,24466,16,452,10653,,,,43,435,8299,352,2732,241156,100,1255,57003,35,234,20837,53,638,21711,27,10922,666314,22,2146,70311,252,2206,44912,11,49,2121,7,48,1220,40,329,11765,,,,422,8213,230836,170,1221,16447,1087,17408,298348,194,769,15582,581836,6608,9438,10491,6789,4762,3632,6458,8705,11176,8106,5630,5982,137719,87777,225496,2.46,2.54,2.29,2.313844615,37.3,7800,4670,4556,12232,20758,21153,19808,17379,17028,18198,19988,8934,11691,7105,4445,3244,10774,19145,19333,18164,16180,15764,17967,20535,8138,11351,544566,100449,92804,6373,5557,527,283,6,417,335,15,67,0,255,227,28,0,0,600,575,25,0,0,356340,328519,18734,11328,3502,3465,439,3913,3084,718,102,9,2653,1601,779,219,54,2521,2114,303,43,61,87777,83518,2457,1781,440,147,89,1033,891,41,81,20,258,164,60,14,20,511,504,7,0,0,15.7,7.9,11.1